AMRSAPDB_ID	Peptide Name	Sequence	Length	Source Organism	Taxonomy	Target Organism	Existence	Molecular formula	AA counts	AA frequencies	Missing AA	Most occurring AA	Less occurring AA	Hydrophobic AA counts	Hydrophilic AA counts	Basic AA counts	Acidic AA counts	Modified AA counts	Modified AA frequencies	Molecular weight	Aliphatic index	GRAVY	Hydrophilicity	Hydrophobic moment	Net charge	Isoelectric point	Structural class	Mass shift	Aromaticity	Secondary structure fraction	Molar extinction coefficient (cysteine|cysteine)	PubMed ID	CAMP ID
AMRSAPFCS1	Cath-BF 	KRFKKFFRKLKKSVKKRAKEFFKKPRVIGVSIPF	34	Bungarus fasciatus.	Animalia (Reptile)	Clinical MRSA strains PS2 (Isolated in Pediatric infections Research Center) (MIC= 64 μG/mL)	Experimentally validated	C203H401N57O72	"{'A': 1, 'C': 0, 'D': 0, 'E': 1, 'F': 6, 'G': 1, 'H': 0, 'I': 2, 'K': 11, 'L': 1, 'M': 0, 'N': 0, 'P': 2, 'Q': 0, 'R': 4, 'S': 2, 'T': 0, 'V': 3, 'W': 0, 'Y': 0}"	"{'A': 0.029411764705882353, 'C': 0.0, 'D': 0.0, 'E': 0.029411764705882353, 'F': 0.17647058823529413, 'G': 0.029411764705882353, 'H': 0.0, 'I': 0.058823529411764705, 'K': 0.3235294117647059, 'L': 0.029411764705882353, 'M': 0.0, 'N': 0.0, 'P': 0.058823529411764705, 'Q': 0.0, 'R': 0.11764705882352941, 'S': 0.058823529411764705, 'T': 0.0, 'V': 0.08823529411764706, 'W': 0.0, 'Y': 0.0}"	C; D; H; M; N; Q; T; W; Y	K	A; E; G; L	16	18	15	1	0	0	4198.25194	62.94117647	-0.752941176	-25.6	0.903575039	13.9965008	12.57851045	alpha	90.301935	0.176470588	"(0.35294117647058826, 0.14705882352941174, 0.08823529411764705)"	"(0, 0)"	29392557	CAMPSQ10023
AMRSAPFCS2	Cath-A	KRFKKFFRKLKKSVKKRKKEFKKKPRVIKVSIPF	34	Synthetic construct	Synthetic construct	Clinical MRSA strains PS2 (Isolated in Pediatric infections Research Center) (MIC= 64 μG/mL)	Experimentally validated	C207H420N60O72	"{'A': 0, 'C': 0, 'D': 0, 'E': 1, 'F': 5, 'G': 0, 'H': 0, 'I': 2, 'K': 14, 'L': 1, 'M': 0, 'N': 0, 'P': 2, 'Q': 0, 'R': 4, 'S': 2, 'T': 0, 'V': 3, 'W': 0, 'Y': 0}"	"{'A': 0.0, 'C': 0.0, 'D': 0.0, 'E': 0.029411764705882353, 'F': 0.14705882352941177, 'G': 0.0, 'H': 0.0, 'I': 0.058823529411764705, 'K': 0.4117647058823529, 'L': 0.029411764705882353, 'M': 0.0, 'N': 0.0, 'P': 0.058823529411764705, 'Q': 0.0, 'R': 0.11764705882352941, 'S': 0.058823529411764705, 'T': 0.0, 'V': 0.08823529411764706, 'W': 0.0, 'Y': 0.0}"	A; C; D; G; H; M; N; Q; T; W; Y	K	E; L	13	21	18	1	0	0	4307.46694	60	-1.220588235	-41.5	0.903575039	16.9956157	12.5961301	alpha	108.362322	0.147058824	"(0.3235294117647059, 0.11764705882352941, 0.058823529411764705)"	"(0, 0)"	29392557	CAMPSQ10024
AMRSAPFCS3	Cath-B	KRFKKFFRKLKKSVKKRKKEFKKKPRVIGVSIPF	34	Synthetic construct	Synthetic construct	Clinical MRSA strains PS2 (Isolated in Pediatric infections Research Center) (MIC= 256 μG/mL)	Experimentally validated	C203H411N59O72	"{'A': 0, 'C': 0, 'D': 0, 'E': 1, 'F': 5, 'G': 1, 'H': 0, 'I': 2, 'K': 13, 'L': 1, 'M': 0, 'N': 0, 'P': 2, 'Q': 0, 'R': 4, 'S': 2, 'T': 0, 'V': 3, 'W': 0, 'Y': 0}"	"{'A': 0.0, 'C': 0.0, 'D': 0.0, 'E': 0.029411764705882353, 'F': 0.14705882352941177, 'G': 0.029411764705882353, 'H': 0.0, 'I': 0.058823529411764705, 'K': 0.38235294117647056, 'L': 0.029411764705882353, 'M': 0.0, 'N': 0.0, 'P': 0.058823529411764705, 'Q': 0.0, 'R': 0.11764705882352941, 'S': 0.058823529411764705, 'T': 0.0, 'V': 0.08823529411764706, 'W': 0.0, 'Y': 0.0}"	A; C; D; H; M; N; Q; T; W; Y	K	E; G; L	14	20	17	1	0	0	4236.34474	60	-1.117647059	-38	0.903575039	15.99591074	12.59039252	alpha_beta	102.342193	0.147058824	"(0.3235294117647059, 0.14705882352941174, 0.058823529411764705)"	"(0, 0)"	29392557	CAMPSQ10025
AMRSAPFCS4	DP7	VQWRIRVAVIRK	12	Synthetic construct	Synthetic construct	S. aureus clinical isolates (MRSA SCQ1) (MIC = 16.32 mg/L) (MBC = 128.256 mg/L)	Experimentally validated	C70H144N24O25	"{'A': 1, 'C': 0, 'D': 0, 'E': 0, 'F': 0, 'G': 0, 'H': 0, 'I': 2, 'K': 1, 'L': 0, 'M': 0, 'N': 0, 'P': 0, 'Q': 1, 'R': 3, 'S': 0, 'T': 0, 'V': 3, 'W': 1, 'Y': 0}"	"{'A': 0.08333333333333333, 'C': 0.0, 'D': 0.0, 'E': 0.0, 'F': 0.0, 'G': 0.0, 'H': 0.0, 'I': 0.16666666666666666, 'K': 0.08333333333333333, 'L': 0.0, 'M': 0.0, 'N': 0.0, 'P': 0.0, 'Q': 0.08333333333333333, 'R': 0.25, 'S': 0.0, 'T': 0.0, 'V': 0.25, 'W': 0.08333333333333333, 'Y': 0.0}"	C; D; E; F; G; H; L; M; N; P; S; T; Y	R; V	A; K; Q; W	7	5	4	0	0	0	1523.89114	145.8333333	0.133333333	1.6	0.265448812	3.997679332	12.80742779	beta	24.080516	0.083333333	"(0.49999999999999994, 0.0, 0.08333333333333333)"	"(5500, 5500)"	31191493	CAMPSQ10540
AMRSAPFCS5	DP7	VQWRIRVAVIRK	12	Synthetic construct	Synthetic construct	S. aureus clinical isolates (MRSA) (S3768) (MIC=32mg/L) (MBC= 256mg/L)	Experimentally validated	C70H144N24O25	"{'A': 1, 'C': 0, 'D': 0, 'E': 0, 'F': 0, 'G': 0, 'H': 0, 'I': 2, 'K': 1, 'L': 0, 'M': 0, 'N': 0, 'P': 0, 'Q': 1, 'R': 3, 'S': 0, 'T': 0, 'V': 3, 'W': 1, 'Y': 0}"	"{'A': 0.08333333333333333, 'C': 0.0, 'D': 0.0, 'E': 0.0, 'F': 0.0, 'G': 0.0, 'H': 0.0, 'I': 0.16666666666666666, 'K': 0.08333333333333333, 'L': 0.0, 'M': 0.0, 'N': 0.0, 'P': 0.0, 'Q': 0.08333333333333333, 'R': 0.25, 'S': 0.0, 'T': 0.0, 'V': 0.25, 'W': 0.08333333333333333, 'Y': 0.0}"	C; D; E; F; G; H; L; M; N; P; S; T; Y	R; V	A; K; Q; W	7	5	4	0	0	0	1523.89114	145.8333333	0.133333333	1.6	0.265448812	3.997679332	12.80742779	beta	24.080516	0.083333333	"(0.49999999999999994, 0.0, 0.08333333333333333)"	"(5500, 5500)"	31191493	CAMPSQ10540
AMRSAPFCS6	Skh-AMP1	GRTSKQELCTWERGSVRQADKTIAG	25	Satureja khuzistanica	Plantae	S. aureus clinical isolates (MRSA SCQ3) (MIC = 16.32 mg/L) (MBC = 128.256 mg/L)	Experimentally validated	C115H241N39O63S1	"{'A': 2, 'C': 1, 'D': 1, 'E': 2, 'F': 0, 'G': 3, 'H': 0, 'I': 1, 'K': 2, 'L': 1, 'M': 0, 'N': 0, 'P': 0, 'Q': 2, 'R': 3, 'S': 2, 'T': 3, 'V': 1, 'W': 1, 'Y': 0}"	"{'A': 0.08, 'C': 0.04, 'D': 0.04, 'E': 0.08, 'F': 0.0, 'G': 0.12, 'H': 0.0, 'I': 0.04, 'K': 0.08, 'L': 0.04, 'M': 0.0, 'N': 0.0, 'P': 0.0, 'Q': 0.08, 'R': 0.12, 'S': 0.08, 'T': 0.12, 'V': 0.04, 'W': 0.04, 'Y': 0.0}"	F; H; M; N; P; Y	G; R; T	C; D; I; L; V; W	9	16	5	3	0	0	2778.09534	50.8	-1.04	-26	0.645654876	1.939406312	9.668870415	beta	30.100645	0.04	"(0.16, 0.2, 0.2)"	"(5500, 5500)"	31191493	CAMPSQ10541
AMRSAPFCS7	PepR	LKRWGTIKKSKAINVLRGFRKEIGRMLNILNRRRR	35	Dengue virus	Virus	S. aureus clinical isolates (MRSA S150320016) (MIC = 16.32 mg/L) (MBC = 128.256 mg/L)	Experimentally validated	C189H402N68O77S1	"{'A': 1, 'C': 0, 'D': 0, 'E': 1, 'F': 1, 'G': 3, 'H': 0, 'I': 4, 'K': 5, 'L': 4, 'M': 1, 'N': 3, 'P': 0, 'Q': 0, 'R': 8, 'S': 1, 'T': 1, 'V': 1, 'W': 1, 'Y': 0}"	"{'A': 0.02857142857142857, 'C': 0.0, 'D': 0.0, 'E': 0.02857142857142857, 'F': 0.02857142857142857, 'G': 0.08571428571428572, 'H': 0.0, 'I': 0.11428571428571428, 'K': 0.14285714285714285, 'L': 0.11428571428571428, 'M': 0.02857142857142857, 'N': 0.08571428571428572, 'P': 0.0, 'Q': 0.0, 'R': 0.22857142857142856, 'S': 0.02857142857142857, 'T': 0.02857142857142857, 'V': 0.02857142857142857, 'W': 0.02857142857142857, 'Y': 0.0}"	C; D; H; P; Q; Y	R	A; E; F; M; S; T; V; W	16	19	13	1	0	0	4279.22064	100.2857143	-0.834285714	-29.2	0.7570303	11.99825776	12.98654489	beta	78.261677	0.057142857	"(0.3142857142857143, 0.2, 0.2)"	"(5500, 5500)"	31191493	CAMPSQ10542
AMRSAPFCS8	Cm-CATH1	RRSIFRKLRRKIKKGLKKGIQHLLAGGRQGLPQGGRPGMI	40	Chelonia mydas	Animalia	S. aureus clinical isolates (MRSA S3250016) (MIC = 16.32 mg/L) (MBC = 128.256 mg/L)	Experimentally validated	C199H432N72O84S1	"{'A': 1, 'C': 0, 'D': 0, 'E': 0, 'F': 1, 'G': 8, 'H': 1, 'I': 4, 'K': 6, 'L': 5, 'M': 1, 'N': 0, 'P': 2, 'Q': 3, 'R': 7, 'S': 1, 'T': 0, 'V': 0, 'W': 0, 'Y': 0}"	"{'A': 0.025, 'C': 0.0, 'D': 0.0, 'E': 0.0, 'F': 0.025, 'G': 0.2, 'H': 0.025, 'I': 0.1, 'K': 0.15, 'L': 0.125, 'M': 0.025, 'N': 0.0, 'P': 0.05, 'Q': 0.075, 'R': 0.175, 'S': 0.025, 'T': 0.0, 'V': 0.0, 'W': 0.0, 'Y': 0.0}"	C; D; E; N; T; V; W; Y	G	A; F; H; M; S	22	18	14	0	0	0	4507.51494	90.25	-0.8075	-32.3	0.954856755	13.08710001	13.28809151	alpha	78.261677	0.025	"(0.25, 0.275, 0.175)"	"(0, 0)"	31191493	CAMPSQ10543
AMRSAPFCS9	Cm-CATH2	RRSRFGRFFKKVRKQLGRVLRHSRITVGGRMRF	33	Chelonia mydas	Animalia	S. aureus clinical isolates (MRSA S3396) (MIC = 16.32 mg/L) (MBC = 128.256 mg/L)	Experimentally validated	C181H371N69O70S1	"{'A': 0, 'C': 0, 'D': 0, 'E': 0, 'F': 4, 'G': 4, 'H': 1, 'I': 1, 'K': 3, 'L': 2, 'M': 1, 'N': 0, 'P': 0, 'Q': 1, 'R': 10, 'S': 2, 'T': 1, 'V': 3, 'W': 0, 'Y': 0}"	"{'A': 0.0, 'C': 0.0, 'D': 0.0, 'E': 0.0, 'F': 0.12121212121212122, 'G': 0.12121212121212122, 'H': 0.030303030303030304, 'I': 0.030303030303030304, 'K': 0.09090909090909091, 'L': 0.06060606060606061, 'M': 0.030303030303030304, 'N': 0.0, 'P': 0.0, 'Q': 0.030303030303030304, 'R': 0.30303030303030304, 'S': 0.06060606060606061, 'T': 0.030303030303030304, 'V': 0.09090909090909091, 'W': 0.0, 'Y': 0.0}"	A; C; D; E; N; P; W; Y	R	H; I; M; Q; T	15	18	14	0	0	0	4089.92844	61.81818182	-0.893939394	-29.5	0.860153703	13.08797518	13.4574375	alpha	78.261677	0.121212121	"(0.30303030303030304, 0.18181818181818182, 0.09090909090909091)"	"(0, 0)"	31191493	CAMPSQ10544
AMRSAPFCS10	Cm-CATH3	TRGRWKRFWRGAGRFFRRHKEKIIRAAVDIVLS	33	Chelonia mydas	Animalia	S. aureus clinical isolates (MRSA S3750) (MIC = 16.32 mg/L) (MBC = 128.256 mg/L)	Experimentally validated	C186H362N64O72	"{'A': 3, 'C': 0, 'D': 1, 'E': 1, 'F': 3, 'G': 3, 'H': 1, 'I': 3, 'K': 3, 'L': 1, 'M': 0, 'N': 0, 'P': 0, 'Q': 0, 'R': 8, 'S': 1, 'T': 1, 'V': 2, 'W': 2, 'Y': 0}"	"{'A': 0.09090909090909091, 'C': 0.0, 'D': 0.030303030303030304, 'E': 0.030303030303030304, 'F': 0.09090909090909091, 'G': 0.09090909090909091, 'H': 0.030303030303030304, 'I': 0.09090909090909091, 'K': 0.09090909090909091, 'L': 0.030303030303030304, 'M': 0.0, 'N': 0.0, 'P': 0.0, 'Q': 0.0, 'R': 0.24242424242424243, 'S': 0.030303030303030304, 'T': 0.030303030303030304, 'V': 0.06060606060606061, 'W': 0.06060606060606061, 'Y': 0.0}"	C; M; N; P; Q; Y	R	D; E; H; L; S; T	17	16	12	2	0	0	4070.81714	73.93939394	-0.693939394	-22.9	1.082914523	9.090203405	12.7299552	alpha_beta	66.221419	0.151515152	"(0.33333333333333337, 0.12121212121212122, 0.15151515151515152)"	"(11000, 11000)"	31191493	CAMPSQ10545
AMRSAPFCS11	Cm-CATH4	MAFPFSTQRINPEIEEGNASLADLPVTHAGSLPGIKAQVRTALGIALLLVA	51	Chelonia mydas	Animalia	S. aureus clinical isolates (MRSA S260029) (MIC = 16.32 mg/L) (MBC = 128.256 mg/L)	Experimentally validated	C238H490N64O120S1	"{'A': 8, 'C': 0, 'D': 1, 'E': 3, 'F': 2, 'G': 4, 'H': 1, 'I': 4, 'K': 1, 'L': 7, 'M': 1, 'N': 2, 'P': 4, 'Q': 2, 'R': 2, 'S': 3, 'T': 3, 'V': 3, 'W': 0, 'Y': 0}"	"{'A': 0.1568627450980392, 'C': 0.0, 'D': 0.0196078431372549, 'E': 0.058823529411764705, 'F': 0.0392156862745098, 'G': 0.0784313725490196, 'H': 0.0196078431372549, 'I': 0.0784313725490196, 'K': 0.0196078431372549, 'L': 0.13725490196078433, 'M': 0.0196078431372549, 'N': 0.0392156862745098, 'P': 0.0784313725490196, 'Q': 0.0392156862745098, 'R': 0.0392156862745098, 'S': 0.058823529411764705, 'T': 0.058823529411764705, 'V': 0.058823529411764705, 'W': 0.0, 'Y': 0.0}"	C; W; Y	A	D; H; K; M	33	18	4	4	0	0	5300.16124	116.8627451	0.441176471	22.5	0.500268844	-0.905636414	5.617151824	beta	18.060387	0.039215686	"(0.3137254901960784, 0.2549019607843137, 0.37254901960784315)"	"(0, 0)"	31191493	CAMPSQ10546
AMRSAPFCS12	H27 	GKWMKLLKKILK	12	Synthetic construct	Synthetic construct	MRSA (Clinical isolate from Liberec Regional Hospital) (MIC = 3.6 μM/L)	Experimentally validated	C72H150N18O24S1	"{'A': 0, 'C': 0, 'D': 0, 'E': 0, 'F': 0, 'G': 1, 'H': 0, 'I': 1, 'K': 5, 'L': 3, 'M': 1, 'N': 0, 'P': 0, 'Q': 0, 'R': 0, 'S': 0, 'T': 0, 'V': 0, 'W': 1, 'Y': 0}"	"{'A': 0.0, 'C': 0.0, 'D': 0.0, 'E': 0.0, 'F': 0.0, 'G': 0.08333333333333333, 'H': 0.0, 'I': 0.08333333333333333, 'K': 0.4166666666666667, 'L': 0.25, 'M': 0.08333333333333333, 'N': 0.0, 'P': 0.0, 'Q': 0.0, 'R': 0.0, 'S': 0.0, 'T': 0.0, 'V': 0.0, 'W': 0.08333333333333333, 'Y': 0.0}"	A; C; D; E; F; H; N; P; Q; R; S; T; V; Y	K	G; I; M; W	7	5	5	0	0	0	1485.98104	130	-0.25	-3	0.836314793	4.99650913	11.4029138	alpha_beta	30.100645	0.083333333	"(0.41666666666666663, 0.08333333333333333, 0.3333333333333333)"	"(5500, 5500)"	31107198	CAMPSQ10604
AMRSAPFCS13	H27 	GKWMKLLKKILK	12	Synthetic construct	Synthetic construct	MRSA (Clinical isolate from Motol University Hospital) (MIC = 5.7 μM/L)	Experimentally validated	C72H150N18O24S1	"{'A': 0, 'C': 0, 'D': 0, 'E': 0, 'F': 0, 'G': 1, 'H': 0, 'I': 1, 'K': 5, 'L': 3, 'M': 1, 'N': 0, 'P': 0, 'Q': 0, 'R': 0, 'S': 0, 'T': 0, 'V': 0, 'W': 1, 'Y': 0}"	"{'A': 0.0, 'C': 0.0, 'D': 0.0, 'E': 0.0, 'F': 0.0, 'G': 0.08333333333333333, 'H': 0.0, 'I': 0.08333333333333333, 'K': 0.4166666666666667, 'L': 0.25, 'M': 0.08333333333333333, 'N': 0.0, 'P': 0.0, 'Q': 0.0, 'R': 0.0, 'S': 0.0, 'T': 0.0, 'V': 0.0, 'W': 0.08333333333333333, 'Y': 0.0}"	A; C; D; E; F; H; N; P; Q; R; S; T; V; Y	K	G; I; M; W	7	5	5	0	0	0	1485.98104	130	-0.25	-3	0.836314793	4.99650913	11.4029138	alpha_beta	30.100645	0.083333333	"(0.41666666666666663, 0.08333333333333333, 0.3333333333333333)"	"(5500, 5500)"	31107198	CAMPSQ10604
AMRSAPFCS14	H27D 	GKWMKLLKKILK	12	Synthetic construct	Synthetic construct	MRSA (Clinical isolate from Liberec Regional Hospital) (MIC = 5.3 μM/L)	Experimentally validated	C72H150N18O24S1	"{'A': 0, 'C': 0, 'D': 0, 'E': 0, 'F': 0, 'G': 1, 'H': 0, 'I': 1, 'K': 5, 'L': 3, 'M': 1, 'N': 0, 'P': 0, 'Q': 0, 'R': 0, 'S': 0, 'T': 0, 'V': 0, 'W': 1, 'Y': 0}"	"{'A': 0.0, 'C': 0.0, 'D': 0.0, 'E': 0.0, 'F': 0.0, 'G': 0.08333333333333333, 'H': 0.0, 'I': 0.08333333333333333, 'K': 0.4166666666666667, 'L': 0.25, 'M': 0.08333333333333333, 'N': 0.0, 'P': 0.0, 'Q': 0.0, 'R': 0.0, 'S': 0.0, 'T': 0.0, 'V': 0.0, 'W': 0.08333333333333333, 'Y': 0.0}"	A; C; D; E; F; H; N; P; Q; R; S; T; V; Y	K	G; I; M; W	7	5	5	0	0	0	1485.98104	130	-0.25	-3	0.836314793	4.99650913	11.4029138	alpha_beta	30.100645	0.083333333	"(0.41666666666666663, 0.08333333333333333, 0.3333333333333333)"	"(5500, 5500)"	31107198	CAMPSQ10605
AMRSAPFCS15	H27D 	GKWMKLLKKILK	12	Synthetic construct	Synthetic construct	MRSA (Clinical isolate from Motol University Hospital) (MIC = 9.7 μM/L)	Experimentally validated	C72H150N18O24S1	"{'A': 0, 'C': 0, 'D': 0, 'E': 0, 'F': 0, 'G': 1, 'H': 0, 'I': 1, 'K': 5, 'L': 3, 'M': 1, 'N': 0, 'P': 0, 'Q': 0, 'R': 0, 'S': 0, 'T': 0, 'V': 0, 'W': 1, 'Y': 0}"	"{'A': 0.0, 'C': 0.0, 'D': 0.0, 'E': 0.0, 'F': 0.0, 'G': 0.08333333333333333, 'H': 0.0, 'I': 0.08333333333333333, 'K': 0.4166666666666667, 'L': 0.25, 'M': 0.08333333333333333, 'N': 0.0, 'P': 0.0, 'Q': 0.0, 'R': 0.0, 'S': 0.0, 'T': 0.0, 'V': 0.0, 'W': 0.08333333333333333, 'Y': 0.0}"	A; C; D; E; F; H; N; P; Q; R; S; T; V; Y	K	G; I; M; W	7	5	5	0	0	0	1485.98104	130	-0.25	-3	0.836314793	4.99650913	11.4029138	alpha_beta	30.100645	0.083333333	"(0.41666666666666663, 0.08333333333333333, 0.3333333333333333)"	"(5500, 5500)"	31107198	CAMPSQ10605
AMRSAPFCS16	H39 	GKWVKLLKKILK	12	Synthetic construct	Synthetic construct	MRSA (Clinical isolate from Liberec Regional Hospital) (MIC = 5.0 μM/L)	Experimentally validated	C72H150N18O24	"{'A': 0, 'C': 0, 'D': 0, 'E': 0, 'F': 0, 'G': 1, 'H': 0, 'I': 1, 'K': 5, 'L': 3, 'M': 0, 'N': 0, 'P': 0, 'Q': 0, 'R': 0, 'S': 0, 'T': 0, 'V': 1, 'W': 1, 'Y': 0}"	"{'A': 0.0, 'C': 0.0, 'D': 0.0, 'E': 0.0, 'F': 0.0, 'G': 0.08333333333333333, 'H': 0.0, 'I': 0.08333333333333333, 'K': 0.4166666666666667, 'L': 0.25, 'M': 0.0, 'N': 0.0, 'P': 0.0, 'Q': 0.0, 'R': 0.0, 'S': 0.0, 'T': 0.0, 'V': 0.08333333333333333, 'W': 0.08333333333333333, 'Y': 0.0}"	A; C; D; E; F; H; M; N; P; Q; R; S; T; Y	K	G; I; V; W	7	5	5	0	0	0	1453.92104	154.1666667	-0.058333333	-0.7	0.844832284	4.99650913	11.4029138	alpha_beta	30.100645	0.083333333	"(0.5, 0.08333333333333333, 0.25)"	"(5500, 5500)"	31107198	CAMPSQ10606
AMRSAPFCS17	H39 	GKWVKLLKKILK	12	Synthetic construct	Synthetic construct	MRSA (Clinical isolate from Motol University Hospital) (MIC = 10.0 μM/L)	Experimentally validated	C72H150N18O24	"{'A': 0, 'C': 0, 'D': 0, 'E': 0, 'F': 0, 'G': 1, 'H': 0, 'I': 1, 'K': 5, 'L': 3, 'M': 0, 'N': 0, 'P': 0, 'Q': 0, 'R': 0, 'S': 0, 'T': 0, 'V': 1, 'W': 1, 'Y': 0}"	"{'A': 0.0, 'C': 0.0, 'D': 0.0, 'E': 0.0, 'F': 0.0, 'G': 0.08333333333333333, 'H': 0.0, 'I': 0.08333333333333333, 'K': 0.4166666666666667, 'L': 0.25, 'M': 0.0, 'N': 0.0, 'P': 0.0, 'Q': 0.0, 'R': 0.0, 'S': 0.0, 'T': 0.0, 'V': 0.08333333333333333, 'W': 0.08333333333333333, 'Y': 0.0}"	A; C; D; E; F; H; M; N; P; Q; R; S; T; Y	K	G; I; V; W	7	5	5	0	0	0	1453.92104	154.1666667	-0.058333333	-0.7	0.844832284	4.99650913	11.4029138	alpha_beta	30.100645	0.083333333	"(0.5, 0.08333333333333333, 0.25)"	"(5500, 5500)"	31107198	CAMPSQ10606
AMRSAPFCS18	H39D 	GKWVKLLKKILK	12	Synthetic construct	Synthetic construct	MRSA (Clinical isolate from Liberec Regional Hospital) (MIC = 15.0 μM/L)	Experimentally validated	C72H150N18O24	"{'A': 0, 'C': 0, 'D': 0, 'E': 0, 'F': 0, 'G': 1, 'H': 0, 'I': 1, 'K': 5, 'L': 3, 'M': 0, 'N': 0, 'P': 0, 'Q': 0, 'R': 0, 'S': 0, 'T': 0, 'V': 1, 'W': 1, 'Y': 0}"	"{'A': 0.0, 'C': 0.0, 'D': 0.0, 'E': 0.0, 'F': 0.0, 'G': 0.08333333333333333, 'H': 0.0, 'I': 0.08333333333333333, 'K': 0.4166666666666667, 'L': 0.25, 'M': 0.0, 'N': 0.0, 'P': 0.0, 'Q': 0.0, 'R': 0.0, 'S': 0.0, 'T': 0.0, 'V': 0.08333333333333333, 'W': 0.08333333333333333, 'Y': 0.0}"	A; C; D; E; F; H; M; N; P; Q; R; S; T; Y	K	G; I; V; W	7	5	5	0	0	0	1453.92104	154.1666667	-0.058333333	-0.7	0.844832284	4.99650913	11.4029138	alpha_beta	30.100645	0.083333333	"(0.5, 0.08333333333333333, 0.25)"	"(5500, 5500)"	31107198	CAMPSQ10607
AMRSAPFCS19	H39D 	GKWVKLLKKILK	12	Synthetic construct	Synthetic construct	MRSA (Clinical isolate from Motol University Hospital) (MIC = 22.0 μM/L)	Experimentally validated	C72H150N18O24	"{'A': 0, 'C': 0, 'D': 0, 'E': 0, 'F': 0, 'G': 1, 'H': 0, 'I': 1, 'K': 5, 'L': 3, 'M': 0, 'N': 0, 'P': 0, 'Q': 0, 'R': 0, 'S': 0, 'T': 0, 'V': 1, 'W': 1, 'Y': 0}"	"{'A': 0.0, 'C': 0.0, 'D': 0.0, 'E': 0.0, 'F': 0.0, 'G': 0.08333333333333333, 'H': 0.0, 'I': 0.08333333333333333, 'K': 0.4166666666666667, 'L': 0.25, 'M': 0.0, 'N': 0.0, 'P': 0.0, 'Q': 0.0, 'R': 0.0, 'S': 0.0, 'T': 0.0, 'V': 0.08333333333333333, 'W': 0.08333333333333333, 'Y': 0.0}"	A; C; D; E; F; H; M; N; P; Q; R; S; T; Y	K	G; I; V; W	7	5	5	0	0	0	1453.92104	154.1666667	-0.058333333	-0.7	0.844832284	4.99650913	11.4029138	alpha_beta	30.100645	0.083333333	"(0.5, 0.08333333333333333, 0.25)"	"(5500, 5500)"	31107198	CAMPSQ10607
AMRSAPFCS20	H39LD	GKWVKLLKKILK	12	Synthetic construct	Synthetic construct	MRSA (Clinical isolate from Liberec Regional Hospital) (MIC >= 100 μM/L)	Experimentally validated	C72H150N18O24	"{'A': 0, 'C': 0, 'D': 0, 'E': 0, 'F': 0, 'G': 1, 'H': 0, 'I': 1, 'K': 5, 'L': 3, 'M': 0, 'N': 0, 'P': 0, 'Q': 0, 'R': 0, 'S': 0, 'T': 0, 'V': 1, 'W': 1, 'Y': 0}"	"{'A': 0.0, 'C': 0.0, 'D': 0.0, 'E': 0.0, 'F': 0.0, 'G': 0.08333333333333333, 'H': 0.0, 'I': 0.08333333333333333, 'K': 0.4166666666666667, 'L': 0.25, 'M': 0.0, 'N': 0.0, 'P': 0.0, 'Q': 0.0, 'R': 0.0, 'S': 0.0, 'T': 0.0, 'V': 0.08333333333333333, 'W': 0.08333333333333333, 'Y': 0.0}"	A; C; D; E; F; H; M; N; P; Q; R; S; T; Y	K	G; I; V; W	7	5	5	0	0	0	1453.92104	154.1666667	-0.058333333	-0.7	0.844832284	4.99650913	11.4029138	alpha_beta	30.100645	0.083333333	"(0.5, 0.08333333333333333, 0.25)"	"(5500, 5500)"	31107198	CAMPSQ10608
AMRSAPFCS21	H39LD	GKWVKLLKKILK	12	Synthetic construct	Synthetic construct	MRSA (Clinical isolate from Motol University Hospital) (MIC >= 100 μM/L)	Experimentally validated	C72H150N18O24	"{'A': 0, 'C': 0, 'D': 0, 'E': 0, 'F': 0, 'G': 1, 'H': 0, 'I': 1, 'K': 5, 'L': 3, 'M': 0, 'N': 0, 'P': 0, 'Q': 0, 'R': 0, 'S': 0, 'T': 0, 'V': 1, 'W': 1, 'Y': 0}"	"{'A': 0.0, 'C': 0.0, 'D': 0.0, 'E': 0.0, 'F': 0.0, 'G': 0.08333333333333333, 'H': 0.0, 'I': 0.08333333333333333, 'K': 0.4166666666666667, 'L': 0.25, 'M': 0.0, 'N': 0.0, 'P': 0.0, 'Q': 0.0, 'R': 0.0, 'S': 0.0, 'T': 0.0, 'V': 0.08333333333333333, 'W': 0.08333333333333333, 'Y': 0.0}"	A; C; D; E; F; H; M; N; P; Q; R; S; T; Y	K	G; I; V; W	7	5	5	0	0	0	1453.92104	154.1666667	-0.058333333	-0.7	0.844832284	4.99650913	11.4029138	alpha_beta	30.100645	0.083333333	"(0.5, 0.08333333333333333, 0.25)"	"(5500, 5500)"	31107198	CAMPSQ10608
AMRSAPFCS22	EcDBS1R5	PMKKLKLALRLAAKIAPVW	19	Synthetic construct	Synthetic construct	MRSA (clinical isolate 713623) (MIC = 32 μM)	Experimentally validated	C103H215N27O38S1	"{'A': 4, 'C': 0, 'D': 0, 'E': 0, 'F': 0, 'G': 0, 'H': 0, 'I': 1, 'K': 4, 'L': 4, 'M': 1, 'N': 0, 'P': 2, 'Q': 0, 'R': 1, 'S': 0, 'T': 0, 'V': 1, 'W': 1, 'Y': 0}"	"{'A': 0.21052631578947367, 'C': 0.0, 'D': 0.0, 'E': 0.0, 'F': 0.0, 'G': 0.0, 'H': 0.0, 'I': 0.05263157894736842, 'K': 0.21052631578947367, 'L': 0.21052631578947367, 'M': 0.05263157894736842, 'N': 0.0, 'P': 0.10526315789473684, 'Q': 0.0, 'R': 0.05263157894736842, 'S': 0.0, 'T': 0.0, 'V': 0.05263157894736842, 'W': 0.05263157894736842, 'Y': 0.0}"	C; D; E; F; G; H; N; Q; S; T; Y	A; K; L	I; M; R; V; W	14	5	5	0	0	0	2147.78314	138.9473684	0.463157895	8.8	0.673989907	4.996800853	11.99738138	alpha_beta	30.100645	0.052631579	"(0.3684210526315789, 0.10526315789473684, 0.47368421052631576)"	"(5500, 5500)"	30346140	CAMPSQ11242
AMRSAPFCS23	Ba49	WKJEJLCOPGCVOGALQOCFLQOLOCNCKIJK	32	Bacillus subtilis subsp. spizizenii	Monera	MRSA 831 Clinical isolate (MIC = 16 μM)	Experimentally validated	C162H328N44O69S5	"{'A': 1, 'C': 5, 'D': 0, 'E': 1, 'F': 1, 'G': 2, 'H': 0, 'I': 1, 'K': 3, 'L': 4, 'M': 0, 'N': 1, 'P': 1, 'Q': 2, 'R': 0, 'S': 0, 'T': 0, 'V': 1, 'W': 1, 'Y': 0}"	"{'A': 0.041666666666666664, 'C': 0.20833333333333334, 'D': 0.0, 'E': 0.041666666666666664, 'F': 0.041666666666666664, 'G': 0.08333333333333333, 'H': 0.0, 'I': 0.041666666666666664, 'K': 0.125, 'L': 0.16666666666666666, 'M': 0.0, 'N': 0.041666666666666664, 'P': 0.041666666666666664, 'Q': 0.08333333333333333, 'R': 0.0, 'S': 0.0, 'T': 0.0, 'V': 0.041666666666666664, 'W': 0.041666666666666664, 'Y': 0.0}"	D; H; M; R; S; T; Y	C; O	A; E; F; I; N; P; V; W	12	12	3	1	"{'O': 5, 'J': 3}"	"{'O': 0.15625, 'J': 0.09375}"	3884.83994	109.6875	0.375	12.0 [Note: Unable to consider special amino acids for now]	0.347561544	1.689000741	8.212584645	beta	18.060387	0.0625	"(0.25, 0.125, 0.1875)"	"(5500, 5750)"	33427970	CAMPSQ14322
AMRSAPFCS24	Ba49	WKJEJLCOPGCVOGALQOCFLQOLOCNCKIJK	32	Bacillus subtilis subsp. spizizenii	Monera	MRSA 839 Clinical isolate (MIC = 16 μM)	Experimentally validated	C162H328N44O69S5	"{'A': 1, 'C': 5, 'D': 0, 'E': 1, 'F': 1, 'G': 2, 'H': 0, 'I': 1, 'K': 3, 'L': 4, 'M': 0, 'N': 1, 'P': 1, 'Q': 2, 'R': 0, 'S': 0, 'T': 0, 'V': 1, 'W': 1, 'Y': 0}"	"{'A': 0.041666666666666664, 'C': 0.20833333333333334, 'D': 0.0, 'E': 0.041666666666666664, 'F': 0.041666666666666664, 'G': 0.08333333333333333, 'H': 0.0, 'I': 0.041666666666666664, 'K': 0.125, 'L': 0.16666666666666666, 'M': 0.0, 'N': 0.041666666666666664, 'P': 0.041666666666666664, 'Q': 0.08333333333333333, 'R': 0.0, 'S': 0.0, 'T': 0.0, 'V': 0.041666666666666664, 'W': 0.041666666666666664, 'Y': 0.0}"	D; H; M; R; S; T; Y	C; O	A; E; F; I; N; P; V; W	12	12	3	1	"{'O': 5, 'J': 3}"	"{'O': 0.15625, 'J': 0.09375}"	3884.83994	109.6875	0.375	12.0 [Note: Unable to consider special amino acids for now]	0.347561544	1.689000741	8.212584645	beta	18.060387	0.0625	"(0.25, 0.125, 0.1875)"	"(5500, 5750)"	33427970	CAMPSQ14322
AMRSAPFCS25	Ba49	WKJEJLCOPGCVOGALQOCFLQOLOCNCKIJK	32	Bacillus subtilis subsp. spizizenii	Monera	MRSA 1 Clinical isolate (MIC = 2 μM)	Experimentally validated	C162H328N44O69S5	"{'A': 1, 'C': 5, 'D': 0, 'E': 1, 'F': 1, 'G': 2, 'H': 0, 'I': 1, 'K': 3, 'L': 4, 'M': 0, 'N': 1, 'P': 1, 'Q': 2, 'R': 0, 'S': 0, 'T': 0, 'V': 1, 'W': 1, 'Y': 0}"	"{'A': 0.041666666666666664, 'C': 0.20833333333333334, 'D': 0.0, 'E': 0.041666666666666664, 'F': 0.041666666666666664, 'G': 0.08333333333333333, 'H': 0.0, 'I': 0.041666666666666664, 'K': 0.125, 'L': 0.16666666666666666, 'M': 0.0, 'N': 0.041666666666666664, 'P': 0.041666666666666664, 'Q': 0.08333333333333333, 'R': 0.0, 'S': 0.0, 'T': 0.0, 'V': 0.041666666666666664, 'W': 0.041666666666666664, 'Y': 0.0}"	D; H; M; R; S; T; Y	C; O	A; E; F; I; N; P; V; W	12	12	3	1	"{'O': 5, 'J': 3}"	"{'O': 0.15625, 'J': 0.09375}"	3884.83994	109.6875	0.375	12.0 [Note: Unable to consider special amino acids for now]	0.347561544	1.689000741	8.212584645	beta	18.060387	0.0625	"(0.25, 0.125, 0.1875)"	"(5500, 5750)"	33427970	CAMPSQ14322
AMRSAPFCS26	Ba49	WKJEJLCOPGCVOGALQOCFLQOLOCNCKIJK	32	Bacillus subtilis subsp. spizizenii	Monera	MRSA 2 Clinical isolate (MIC = 2 μM)	Experimentally validated	C162H328N44O69S5	"{'A': 1, 'C': 5, 'D': 0, 'E': 1, 'F': 1, 'G': 2, 'H': 0, 'I': 1, 'K': 3, 'L': 4, 'M': 0, 'N': 1, 'P': 1, 'Q': 2, 'R': 0, 'S': 0, 'T': 0, 'V': 1, 'W': 1, 'Y': 0}"	"{'A': 0.041666666666666664, 'C': 0.20833333333333334, 'D': 0.0, 'E': 0.041666666666666664, 'F': 0.041666666666666664, 'G': 0.08333333333333333, 'H': 0.0, 'I': 0.041666666666666664, 'K': 0.125, 'L': 0.16666666666666666, 'M': 0.0, 'N': 0.041666666666666664, 'P': 0.041666666666666664, 'Q': 0.08333333333333333, 'R': 0.0, 'S': 0.0, 'T': 0.0, 'V': 0.041666666666666664, 'W': 0.041666666666666664, 'Y': 0.0}"	D; H; M; R; S; T; Y	C; O	A; E; F; I; N; P; V; W	12	12	3	1	"{'O': 5, 'J': 3}"	"{'O': 0.15625, 'J': 0.09375}"	3884.83994	109.6875	0.375	12.0 [Note: Unable to consider special amino acids for now]	0.347561544	1.689000741	8.212584645	beta	18.060387	0.0625	"(0.25, 0.125, 0.1875)"	"(5500, 5750)"	33427970	CAMPSQ14322
AMRSAPFCS27	Ba49	WKJEJLCOPGCVOGALQOCFLQOLOCNCKIJK	32	Bacillus subtilis subsp. spizizenii	Monera	MRSA 3 Clinical isolate (MIC = 8 μM)	Experimentally validated	C162H328N44O69S5	"{'A': 1, 'C': 5, 'D': 0, 'E': 1, 'F': 1, 'G': 2, 'H': 0, 'I': 1, 'K': 3, 'L': 4, 'M': 0, 'N': 1, 'P': 1, 'Q': 2, 'R': 0, 'S': 0, 'T': 0, 'V': 1, 'W': 1, 'Y': 0}"	"{'A': 0.041666666666666664, 'C': 0.20833333333333334, 'D': 0.0, 'E': 0.041666666666666664, 'F': 0.041666666666666664, 'G': 0.08333333333333333, 'H': 0.0, 'I': 0.041666666666666664, 'K': 0.125, 'L': 0.16666666666666666, 'M': 0.0, 'N': 0.041666666666666664, 'P': 0.041666666666666664, 'Q': 0.08333333333333333, 'R': 0.0, 'S': 0.0, 'T': 0.0, 'V': 0.041666666666666664, 'W': 0.041666666666666664, 'Y': 0.0}"	D; H; M; R; S; T; Y	C; O	A; E; F; I; N; P; V; W	12	12	3	1	"{'O': 5, 'J': 3}"	"{'O': 0.15625, 'J': 0.09375}"	3884.83994	109.6875	0.375	12.0 [Note: Unable to consider special amino acids for now]	0.347561544	1.689000741	8.212584645	beta	18.060387	0.0625	"(0.25, 0.125, 0.1875)"	"(5500, 5750)"	33427970	CAMPSQ14322
AMRSAPFCS28	Ba49	WKJEJLCOPGCVOGALQOCFLQOLOCNCKIJK	32	Bacillus subtilis subsp. spizizenii	Monera	MRSA 4 Clinical isolate (MIC = 2 μM)	Experimentally validated	C162H328N44O69S5	"{'A': 1, 'C': 5, 'D': 0, 'E': 1, 'F': 1, 'G': 2, 'H': 0, 'I': 1, 'K': 3, 'L': 4, 'M': 0, 'N': 1, 'P': 1, 'Q': 2, 'R': 0, 'S': 0, 'T': 0, 'V': 1, 'W': 1, 'Y': 0}"	"{'A': 0.041666666666666664, 'C': 0.20833333333333334, 'D': 0.0, 'E': 0.041666666666666664, 'F': 0.041666666666666664, 'G': 0.08333333333333333, 'H': 0.0, 'I': 0.041666666666666664, 'K': 0.125, 'L': 0.16666666666666666, 'M': 0.0, 'N': 0.041666666666666664, 'P': 0.041666666666666664, 'Q': 0.08333333333333333, 'R': 0.0, 'S': 0.0, 'T': 0.0, 'V': 0.041666666666666664, 'W': 0.041666666666666664, 'Y': 0.0}"	D; H; M; R; S; T; Y	C; O	A; E; F; I; N; P; V; W	12	12	3	1	"{'O': 5, 'J': 3}"	"{'O': 0.15625, 'J': 0.09375}"	3884.83994	109.6875	0.375	12.0 [Note: Unable to consider special amino acids for now]	0.347561544	1.689000741	8.212584645	beta	18.060387	0.0625	"(0.25, 0.125, 0.1875)"	"(5500, 5750)"	33427970	CAMPSQ14322
AMRSAPFCS29	Peptide gamma 2	CLPKRRQIGKSSTRGRKSCKK	21	Synthetic construct	Synthetic construct	MRSA strain 1 Clinical isolate (MIC = 1 μM)	Experimentally validated	C99H225N39O47S2	"{'A': 0, 'C': 2, 'D': 0, 'E': 0, 'F': 0, 'G': 2, 'H': 0, 'I': 1, 'K': 5, 'L': 1, 'M': 0, 'N': 0, 'P': 1, 'Q': 1, 'R': 4, 'S': 3, 'T': 1, 'V': 0, 'W': 0, 'Y': 0}"	"{'A': 0.0, 'C': 0.09523809523809523, 'D': 0.0, 'E': 0.0, 'F': 0.0, 'G': 0.09523809523809523, 'H': 0.0, 'I': 0.047619047619047616, 'K': 0.23809523809523808, 'L': 0.047619047619047616, 'M': 0.0, 'N': 0.0, 'P': 0.047619047619047616, 'Q': 0.047619047619047616, 'R': 0.19047619047619047, 'S': 0.14285714285714285, 'T': 0.047619047619047616, 'V': 0.0, 'W': 0.0, 'Y': 0.0}"	A; D; E; F; H; M; N; V; W; Y	K	I; L; P; Q; T	5	16	9	0	0	0	2417.92304	37.14285714	-1.580952381	-33.2	0.576197199	8.872546453	12.14156906	alpha	54.181161	0	"(0.09523809523809523, 0.2857142857142857, 0.047619047619047616)"	"(0, 125)"	34818435	CAMPSQ14375
AMRSAPFCS30	Peptide gamma 2	CLPKRRQIGKSSTRGRKSCKK	21	Synthetic construct	Synthetic construct	MRSA strain 2 Clinical isolate (MIC = 2 μM)	Experimentally validated	C99H225N39O47S2	"{'A': 0, 'C': 2, 'D': 0, 'E': 0, 'F': 0, 'G': 2, 'H': 0, 'I': 1, 'K': 5, 'L': 1, 'M': 0, 'N': 0, 'P': 1, 'Q': 1, 'R': 4, 'S': 3, 'T': 1, 'V': 0, 'W': 0, 'Y': 0}"	"{'A': 0.0, 'C': 0.09523809523809523, 'D': 0.0, 'E': 0.0, 'F': 0.0, 'G': 0.09523809523809523, 'H': 0.0, 'I': 0.047619047619047616, 'K': 0.23809523809523808, 'L': 0.047619047619047616, 'M': 0.0, 'N': 0.0, 'P': 0.047619047619047616, 'Q': 0.047619047619047616, 'R': 0.19047619047619047, 'S': 0.14285714285714285, 'T': 0.047619047619047616, 'V': 0.0, 'W': 0.0, 'Y': 0.0}"	A; D; E; F; H; M; N; V; W; Y	K	I; L; P; Q; T	5	16	9	0	0	0	2417.92304	37.14285714	-1.580952381	-33.2	0.576197199	8.872546453	12.14156906	alpha	54.181161	0	"(0.09523809523809523, 0.2857142857142857, 0.047619047619047616)"	"(0, 125)"	34818435	CAMPSQ14375
AMRSAPFCS31	Peptide gamma 2	CLPKRRQIGKSSTRGRKSCKK	21	Synthetic construct	Synthetic construct	MRSA strain 3 Clinical isolate (MIC = 2 μM)	Experimentally validated	C99H225N39O47S2	"{'A': 0, 'C': 2, 'D': 0, 'E': 0, 'F': 0, 'G': 2, 'H': 0, 'I': 1, 'K': 5, 'L': 1, 'M': 0, 'N': 0, 'P': 1, 'Q': 1, 'R': 4, 'S': 3, 'T': 1, 'V': 0, 'W': 0, 'Y': 0}"	"{'A': 0.0, 'C': 0.09523809523809523, 'D': 0.0, 'E': 0.0, 'F': 0.0, 'G': 0.09523809523809523, 'H': 0.0, 'I': 0.047619047619047616, 'K': 0.23809523809523808, 'L': 0.047619047619047616, 'M': 0.0, 'N': 0.0, 'P': 0.047619047619047616, 'Q': 0.047619047619047616, 'R': 0.19047619047619047, 'S': 0.14285714285714285, 'T': 0.047619047619047616, 'V': 0.0, 'W': 0.0, 'Y': 0.0}"	A; D; E; F; H; M; N; V; W; Y	K	I; L; P; Q; T	5	16	9	0	0	0	2417.92304	37.14285714	-1.580952381	-33.2	0.576197199	8.872546453	12.14156906	alpha	54.181161	0	"(0.09523809523809523, 0.2857142857142857, 0.047619047619047616)"	"(0, 125)"	34818435	CAMPSQ14375
AMRSAPFCS32	Endo88	MQAKLTKKEFIEWLKTSEGKQFNVDLWYGFQCFDYANAGWKVLFGLLLKGLGAKDIPFANNFDGLATVYQNTPDFLAQPGDMVVFGSNYGAGYGHVAWVIEATLDYIIVYEQNWLGGGWTDRIEQPGWGWEKVTRRQHAYDFPMWFIRPNFKSETAPRSIQSPTQASKKETAKPQPKAVELKIIKDVVKGYDLPKRGGNPKGIVIHNDAGSKGATAEAYRNGLVNAPSSRLEAGIAHSYVSGNTVWQALDESQVGWHTANQLGNKYYYGIEVCQSMGADNATFLKNEQATFQECARLLKKWGLPANRNTIRLHNEFTSTSCPHRSSVLHTGFDPVTRGLLPEDKQLQLKDYFIKQIRVYMDGKIPVATVSNESSASSNTVKPVASAWKRNKYGTYYMEESARFTNGNQPITVRKIGPFLSCPVAYQFQPGGYCDYTEVMLQDGHVWVGYTWEGQRYYLPIRTWNGSAPPNQILGDLWGEIS	481	Synthetic construct	Synthetic construct	Clinical isolates MRSA 6	Experimentally validated	C2454H4662N658O1185S13	"{'A': 36, 'C': 6, 'D': 21, 'E': 24, 'F': 20, 'G': 45, 'H': 9, 'I': 23, 'K': 32, 'L': 33, 'M': 7, 'N': 27, 'P': 26, 'Q': 26, 'R': 19, 'S': 27, 'T': 28, 'V': 30, 'W': 17, 'Y': 25}"	"{'A': 0.07484407484407485, 'C': 0.012474012474012475, 'D': 0.04365904365904366, 'E': 0.0498960498960499, 'F': 0.04158004158004158, 'G': 0.09355509355509356, 'H': 0.018711018711018712, 'I': 0.04781704781704782, 'K': 0.06652806652806653, 'L': 0.06860706860706861, 'M': 0.014553014553014554, 'N': 0.056133056133056136, 'P': 0.05405405405405406, 'Q': 0.05405405405405406, 'R': 0.0395010395010395, 'S': 0.056133056133056136, 'T': 0.058212058212058215, 'V': 0.062370062370062374, 'W': 0.035343035343035345, 'Y': 0.05197505197505198}"		G	C	237	244	60	45	0	0	54119.15474	70.97713098	-0.471309771	-226.7	0.776747394	6.465532582	8.788913184	alpha_beta	307.026579	0.128898129	"(0.3076923076923077, 0.2598752598752599, 0.2079002079002079)"	"(130750, 131125)"	35251775	CAMPSQ15132
AMRSAPFCS33	Endo88	MQAKLTKKEFIEWLKTSEGKQFNVDLWYGFQCFDYANAGWKVLFGLLLKGLGAKDIPFANNFDGLATVYQNTPDFLAQPGDMVVFGSNYGAGYGHVAWVIEATLDYIIVYEQNWLGGGWTDRIEQPGWGWEKVTRRQHAYDFPMWFIRPNFKSETAPRSIQSPTQASKKETAKPQPKAVELKIIKDVVKGYDLPKRGGNPKGIVIHNDAGSKGATAEAYRNGLVNAPSSRLEAGIAHSYVSGNTVWQALDESQVGWHTANQLGNKYYYGIEVCQSMGADNATFLKNEQATFQECARLLKKWGLPANRNTIRLHNEFTSTSCPHRSSVLHTGFDPVTRGLLPEDKQLQLKDYFIKQIRVYMDGKIPVATVSNESSASSNTVKPVASAWKRNKYGTYYMEESARFTNGNQPITVRKIGPFLSCPVAYQFQPGGYCDYTEVMLQDGHVWVGYTWEGQRYYLPIRTWNGSAPPNQILGDLWGEIS	481	Synthetic construct	Synthetic construct	Clinical isolates MRSA 7	Experimentally validated	C2454H4662N658O1185S13	"{'A': 36, 'C': 6, 'D': 21, 'E': 24, 'F': 20, 'G': 45, 'H': 9, 'I': 23, 'K': 32, 'L': 33, 'M': 7, 'N': 27, 'P': 26, 'Q': 26, 'R': 19, 'S': 27, 'T': 28, 'V': 30, 'W': 17, 'Y': 25}"	"{'A': 0.07484407484407485, 'C': 0.012474012474012475, 'D': 0.04365904365904366, 'E': 0.0498960498960499, 'F': 0.04158004158004158, 'G': 0.09355509355509356, 'H': 0.018711018711018712, 'I': 0.04781704781704782, 'K': 0.06652806652806653, 'L': 0.06860706860706861, 'M': 0.014553014553014554, 'N': 0.056133056133056136, 'P': 0.05405405405405406, 'Q': 0.05405405405405406, 'R': 0.0395010395010395, 'S': 0.056133056133056136, 'T': 0.058212058212058215, 'V': 0.062370062370062374, 'W': 0.035343035343035345, 'Y': 0.05197505197505198}"		G	C	237	244	60	45	0	0	54119.15474	70.97713098	-0.471309771	-226.7	0.776747394	6.465532582	8.788913184	alpha_beta	307.026579	0.128898129	"(0.3076923076923077, 0.2598752598752599, 0.2079002079002079)"	"(130750, 131125)"	35251775	CAMPSQ15132
AMRSAPFCS34	Endo88	MQAKLTKKEFIEWLKTSEGKQFNVDLWYGFQCFDYANAGWKVLFGLLLKGLGAKDIPFANNFDGLATVYQNTPDFLAQPGDMVVFGSNYGAGYGHVAWVIEATLDYIIVYEQNWLGGGWTDRIEQPGWGWEKVTRRQHAYDFPMWFIRPNFKSETAPRSIQSPTQASKKETAKPQPKAVELKIIKDVVKGYDLPKRGGNPKGIVIHNDAGSKGATAEAYRNGLVNAPSSRLEAGIAHSYVSGNTVWQALDESQVGWHTANQLGNKYYYGIEVCQSMGADNATFLKNEQATFQECARLLKKWGLPANRNTIRLHNEFTSTSCPHRSSVLHTGFDPVTRGLLPEDKQLQLKDYFIKQIRVYMDGKIPVATVSNESSASSNTVKPVASAWKRNKYGTYYMEESARFTNGNQPITVRKIGPFLSCPVAYQFQPGGYCDYTEVMLQDGHVWVGYTWEGQRYYLPIRTWNGSAPPNQILGDLWGEIS	481	Synthetic construct	Synthetic construct	Clinical isolates MRSA 8	Experimentally validated	C2454H4662N658O1185S13	"{'A': 36, 'C': 6, 'D': 21, 'E': 24, 'F': 20, 'G': 45, 'H': 9, 'I': 23, 'K': 32, 'L': 33, 'M': 7, 'N': 27, 'P': 26, 'Q': 26, 'R': 19, 'S': 27, 'T': 28, 'V': 30, 'W': 17, 'Y': 25}"	"{'A': 0.07484407484407485, 'C': 0.012474012474012475, 'D': 0.04365904365904366, 'E': 0.0498960498960499, 'F': 0.04158004158004158, 'G': 0.09355509355509356, 'H': 0.018711018711018712, 'I': 0.04781704781704782, 'K': 0.06652806652806653, 'L': 0.06860706860706861, 'M': 0.014553014553014554, 'N': 0.056133056133056136, 'P': 0.05405405405405406, 'Q': 0.05405405405405406, 'R': 0.0395010395010395, 'S': 0.056133056133056136, 'T': 0.058212058212058215, 'V': 0.062370062370062374, 'W': 0.035343035343035345, 'Y': 0.05197505197505198}"		G	C	237	244	60	45	0	0	54119.15474	70.97713098	-0.471309771	-226.7	0.776747394	6.465532582	8.788913184	alpha_beta	307.026579	0.128898129	"(0.3076923076923077, 0.2598752598752599, 0.2079002079002079)"	"(130750, 131125)"	35251775	CAMPSQ15132
AMRSAPFCS35	Endo88	MQAKLTKKEFIEWLKTSEGKQFNVDLWYGFQCFDYANAGWKVLFGLLLKGLGAKDIPFANNFDGLATVYQNTPDFLAQPGDMVVFGSNYGAGYGHVAWVIEATLDYIIVYEQNWLGGGWTDRIEQPGWGWEKVTRRQHAYDFPMWFIRPNFKSETAPRSIQSPTQASKKETAKPQPKAVELKIIKDVVKGYDLPKRGGNPKGIVIHNDAGSKGATAEAYRNGLVNAPSSRLEAGIAHSYVSGNTVWQALDESQVGWHTANQLGNKYYYGIEVCQSMGADNATFLKNEQATFQECARLLKKWGLPANRNTIRLHNEFTSTSCPHRSSVLHTGFDPVTRGLLPEDKQLQLKDYFIKQIRVYMDGKIPVATVSNESSASSNTVKPVASAWKRNKYGTYYMEESARFTNGNQPITVRKIGPFLSCPVAYQFQPGGYCDYTEVMLQDGHVWVGYTWEGQRYYLPIRTWNGSAPPNQILGDLWGEIS	481	Synthetic construct	Synthetic construct	Clinical isolates MRSA 10	Experimentally validated	C2454H4662N658O1185S13	"{'A': 36, 'C': 6, 'D': 21, 'E': 24, 'F': 20, 'G': 45, 'H': 9, 'I': 23, 'K': 32, 'L': 33, 'M': 7, 'N': 27, 'P': 26, 'Q': 26, 'R': 19, 'S': 27, 'T': 28, 'V': 30, 'W': 17, 'Y': 25}"	"{'A': 0.07484407484407485, 'C': 0.012474012474012475, 'D': 0.04365904365904366, 'E': 0.0498960498960499, 'F': 0.04158004158004158, 'G': 0.09355509355509356, 'H': 0.018711018711018712, 'I': 0.04781704781704782, 'K': 0.06652806652806653, 'L': 0.06860706860706861, 'M': 0.014553014553014554, 'N': 0.056133056133056136, 'P': 0.05405405405405406, 'Q': 0.05405405405405406, 'R': 0.0395010395010395, 'S': 0.056133056133056136, 'T': 0.058212058212058215, 'V': 0.062370062370062374, 'W': 0.035343035343035345, 'Y': 0.05197505197505198}"		G	C	237	244	60	45	0	0	54119.15474	70.97713098	-0.471309771	-226.7	0.776747394	6.465532582	8.788913184	alpha_beta	307.026579	0.128898129	"(0.3076923076923077, 0.2598752598752599, 0.2079002079002079)"	"(130750, 131125)"	35251775	CAMPSQ15132
AMRSAPFCS36	Endo88	MQAKLTKKEFIEWLKTSEGKQFNVDLWYGFQCFDYANAGWKVLFGLLLKGLGAKDIPFANNFDGLATVYQNTPDFLAQPGDMVVFGSNYGAGYGHVAWVIEATLDYIIVYEQNWLGGGWTDRIEQPGWGWEKVTRRQHAYDFPMWFIRPNFKSETAPRSIQSPTQASKKETAKPQPKAVELKIIKDVVKGYDLPKRGGNPKGIVIHNDAGSKGATAEAYRNGLVNAPSSRLEAGIAHSYVSGNTVWQALDESQVGWHTANQLGNKYYYGIEVCQSMGADNATFLKNEQATFQECARLLKKWGLPANRNTIRLHNEFTSTSCPHRSSVLHTGFDPVTRGLLPEDKQLQLKDYFIKQIRVYMDGKIPVATVSNESSASSNTVKPVASAWKRNKYGTYYMEESARFTNGNQPITVRKIGPFLSCPVAYQFQPGGYCDYTEVMLQDGHVWVGYTWEGQRYYLPIRTWNGSAPPNQILGDLWGEIS	481	Synthetic construct	Synthetic construct	Clinical isolates MRSA 12	Experimentally validated	C2454H4662N658O1185S13	"{'A': 36, 'C': 6, 'D': 21, 'E': 24, 'F': 20, 'G': 45, 'H': 9, 'I': 23, 'K': 32, 'L': 33, 'M': 7, 'N': 27, 'P': 26, 'Q': 26, 'R': 19, 'S': 27, 'T': 28, 'V': 30, 'W': 17, 'Y': 25}"	"{'A': 0.07484407484407485, 'C': 0.012474012474012475, 'D': 0.04365904365904366, 'E': 0.0498960498960499, 'F': 0.04158004158004158, 'G': 0.09355509355509356, 'H': 0.018711018711018712, 'I': 0.04781704781704782, 'K': 0.06652806652806653, 'L': 0.06860706860706861, 'M': 0.014553014553014554, 'N': 0.056133056133056136, 'P': 0.05405405405405406, 'Q': 0.05405405405405406, 'R': 0.0395010395010395, 'S': 0.056133056133056136, 'T': 0.058212058212058215, 'V': 0.062370062370062374, 'W': 0.035343035343035345, 'Y': 0.05197505197505198}"		G	C	237	244	60	45	0	0	54119.15474	70.97713098	-0.471309771	-226.7	0.776747394	6.465532582	8.788913184	alpha_beta	307.026579	0.128898129	"(0.3076923076923077, 0.2598752598752599, 0.2079002079002079)"	"(130750, 131125)"	35251775	CAMPSQ15132
AMRSAPFCS37	Endo88	MQAKLTKKEFIEWLKTSEGKQFNVDLWYGFQCFDYANAGWKVLFGLLLKGLGAKDIPFANNFDGLATVYQNTPDFLAQPGDMVVFGSNYGAGYGHVAWVIEATLDYIIVYEQNWLGGGWTDRIEQPGWGWEKVTRRQHAYDFPMWFIRPNFKSETAPRSIQSPTQASKKETAKPQPKAVELKIIKDVVKGYDLPKRGGNPKGIVIHNDAGSKGATAEAYRNGLVNAPSSRLEAGIAHSYVSGNTVWQALDESQVGWHTANQLGNKYYYGIEVCQSMGADNATFLKNEQATFQECARLLKKWGLPANRNTIRLHNEFTSTSCPHRSSVLHTGFDPVTRGLLPEDKQLQLKDYFIKQIRVYMDGKIPVATVSNESSASSNTVKPVASAWKRNKYGTYYMEESARFTNGNQPITVRKIGPFLSCPVAYQFQPGGYCDYTEVMLQDGHVWVGYTWEGQRYYLPIRTWNGSAPPNQILGDLWGEIS	481	Synthetic construct	Synthetic construct	Clinical isolates MRSA 20	Experimentally validated	C2454H4662N658O1185S13	"{'A': 36, 'C': 6, 'D': 21, 'E': 24, 'F': 20, 'G': 45, 'H': 9, 'I': 23, 'K': 32, 'L': 33, 'M': 7, 'N': 27, 'P': 26, 'Q': 26, 'R': 19, 'S': 27, 'T': 28, 'V': 30, 'W': 17, 'Y': 25}"	"{'A': 0.07484407484407485, 'C': 0.012474012474012475, 'D': 0.04365904365904366, 'E': 0.0498960498960499, 'F': 0.04158004158004158, 'G': 0.09355509355509356, 'H': 0.018711018711018712, 'I': 0.04781704781704782, 'K': 0.06652806652806653, 'L': 0.06860706860706861, 'M': 0.014553014553014554, 'N': 0.056133056133056136, 'P': 0.05405405405405406, 'Q': 0.05405405405405406, 'R': 0.0395010395010395, 'S': 0.056133056133056136, 'T': 0.058212058212058215, 'V': 0.062370062370062374, 'W': 0.035343035343035345, 'Y': 0.05197505197505198}"		G	C	237	244	60	45	0	0	54119.15474	70.97713098	-0.471309771	-226.7	0.776747394	6.465532582	8.788913184	alpha_beta	307.026579	0.128898129	"(0.3076923076923077, 0.2598752598752599, 0.2079002079002079)"	"(130750, 131125)"	35251775	CAMPSQ15132
AMRSAPFCS38	Endo88	MQAKLTKKEFIEWLKTSEGKQFNVDLWYGFQCFDYANAGWKVLFGLLLKGLGAKDIPFANNFDGLATVYQNTPDFLAQPGDMVVFGSNYGAGYGHVAWVIEATLDYIIVYEQNWLGGGWTDRIEQPGWGWEKVTRRQHAYDFPMWFIRPNFKSETAPRSIQSPTQASKKETAKPQPKAVELKIIKDVVKGYDLPKRGGNPKGIVIHNDAGSKGATAEAYRNGLVNAPSSRLEAGIAHSYVSGNTVWQALDESQVGWHTANQLGNKYYYGIEVCQSMGADNATFLKNEQATFQECARLLKKWGLPANRNTIRLHNEFTSTSCPHRSSVLHTGFDPVTRGLLPEDKQLQLKDYFIKQIRVYMDGKIPVATVSNESSASSNTVKPVASAWKRNKYGTYYMEESARFTNGNQPITVRKIGPFLSCPVAYQFQPGGYCDYTEVMLQDGHVWVGYTWEGQRYYLPIRTWNGSAPPNQILGDLWGEIS	481	Synthetic construct	Synthetic construct	Clinical isolates MRSA 22	Experimentally validated	C2454H4662N658O1185S13	"{'A': 36, 'C': 6, 'D': 21, 'E': 24, 'F': 20, 'G': 45, 'H': 9, 'I': 23, 'K': 32, 'L': 33, 'M': 7, 'N': 27, 'P': 26, 'Q': 26, 'R': 19, 'S': 27, 'T': 28, 'V': 30, 'W': 17, 'Y': 25}"	"{'A': 0.07484407484407485, 'C': 0.012474012474012475, 'D': 0.04365904365904366, 'E': 0.0498960498960499, 'F': 0.04158004158004158, 'G': 0.09355509355509356, 'H': 0.018711018711018712, 'I': 0.04781704781704782, 'K': 0.06652806652806653, 'L': 0.06860706860706861, 'M': 0.014553014553014554, 'N': 0.056133056133056136, 'P': 0.05405405405405406, 'Q': 0.05405405405405406, 'R': 0.0395010395010395, 'S': 0.056133056133056136, 'T': 0.058212058212058215, 'V': 0.062370062370062374, 'W': 0.035343035343035345, 'Y': 0.05197505197505198}"		G	C	237	244	60	45	0	0	54119.15474	70.97713098	-0.471309771	-226.7	0.776747394	6.465532582	8.788913184	alpha_beta	307.026579	0.128898129	"(0.3076923076923077, 0.2598752598752599, 0.2079002079002079)"	"(130750, 131125)"	35251775	CAMPSQ15132
AMRSAPFCS39	WLBU2 	RRWVRRVRRWVRRVVRVVRRWVRR	24	Synthetic construct	Synthetic construct	MRSA Clinical isolate 1 (MIC = 6.25 μM)	Experimentally validated	C151H306N66O48	"{'A': 0, 'C': 0, 'D': 0, 'E': 0, 'F': 0, 'G': 0, 'H': 0, 'I': 0, 'K': 0, 'L': 0, 'M': 0, 'N': 0, 'P': 0, 'Q': 0, 'R': 13, 'S': 0, 'T': 0, 'V': 8, 'W': 3, 'Y': 0}"	"{'A': 0.0, 'C': 0.0, 'D': 0.0, 'E': 0.0, 'F': 0.0, 'G': 0.0, 'H': 0.0, 'I': 0.0, 'K': 0.0, 'L': 0.0, 'M': 0.0, 'N': 0.0, 'P': 0.0, 'Q': 0.0, 'R': 0.5416666666666666, 'S': 0.0, 'T': 0.0, 'V': 0.3333333333333333, 'W': 0.125, 'Y': 0.0}"	A; C; D; E; F; G; H; I; K; L; M; N; P; Q; S; T; Y	R	W	11	13	13	0	0	0	3400.15314	96.66666667	-1.15	-27.6	1.185028649	12.99794125	13.57918618	beta	78.261677	0.125	"(0.4583333333333333, 0.0, 0.0)"	"(16500, 16500)"	34907712	CAMPSQ3388
AMRSAPFCS40	WLBU2 	RRWVRRVRRWVRRVVRVVRRWVRR	24	Synthetic construct	Synthetic construct	MRSA Clinical isolate 2 (MIC = 3.13 μM)	Experimentally validated	C151H306N66O48	"{'A': 0, 'C': 0, 'D': 0, 'E': 0, 'F': 0, 'G': 0, 'H': 0, 'I': 0, 'K': 0, 'L': 0, 'M': 0, 'N': 0, 'P': 0, 'Q': 0, 'R': 13, 'S': 0, 'T': 0, 'V': 8, 'W': 3, 'Y': 0}"	"{'A': 0.0, 'C': 0.0, 'D': 0.0, 'E': 0.0, 'F': 0.0, 'G': 0.0, 'H': 0.0, 'I': 0.0, 'K': 0.0, 'L': 0.0, 'M': 0.0, 'N': 0.0, 'P': 0.0, 'Q': 0.0, 'R': 0.5416666666666666, 'S': 0.0, 'T': 0.0, 'V': 0.3333333333333333, 'W': 0.125, 'Y': 0.0}"	A; C; D; E; F; G; H; I; K; L; M; N; P; Q; S; T; Y	R	W	11	13	13	0	0	0	3400.15314	96.66666667	-1.15	-27.6	1.185028649	12.99794125	13.57918618	beta	78.261677	0.125	"(0.4583333333333333, 0.0, 0.0)"	"(16500, 16500)"	34907712	CAMPSQ3388
AMRSAPFCS41	WLBU2 	RRWVRRVRRWVRRVVRVVRRWVRR	24	Synthetic construct	Synthetic construct	MRSA Clinical isolate 3 (MIC = 1.56 μM)	Experimentally validated	C151H306N66O48	"{'A': 0, 'C': 0, 'D': 0, 'E': 0, 'F': 0, 'G': 0, 'H': 0, 'I': 0, 'K': 0, 'L': 0, 'M': 0, 'N': 0, 'P': 0, 'Q': 0, 'R': 13, 'S': 0, 'T': 0, 'V': 8, 'W': 3, 'Y': 0}"	"{'A': 0.0, 'C': 0.0, 'D': 0.0, 'E': 0.0, 'F': 0.0, 'G': 0.0, 'H': 0.0, 'I': 0.0, 'K': 0.0, 'L': 0.0, 'M': 0.0, 'N': 0.0, 'P': 0.0, 'Q': 0.0, 'R': 0.5416666666666666, 'S': 0.0, 'T': 0.0, 'V': 0.3333333333333333, 'W': 0.125, 'Y': 0.0}"	A; C; D; E; F; G; H; I; K; L; M; N; P; Q; S; T; Y	R	W	11	13	13	0	0	0	3400.15314	96.66666667	-1.15	-27.6	1.185028649	12.99794125	13.57918618	beta	78.261677	0.125	"(0.4583333333333333, 0.0, 0.0)"	"(16500, 16500)"	34907712	CAMPSQ3388
AMRSAPFCS42	WLBU2 	RRWVRRVRRWVRRVVRVVRRWVRR	24	Synthetic construct	Synthetic construct	MRSA Clinical isolate 4 (MIC = 0.78 μM)	Experimentally validated	C151H306N66O48	"{'A': 0, 'C': 0, 'D': 0, 'E': 0, 'F': 0, 'G': 0, 'H': 0, 'I': 0, 'K': 0, 'L': 0, 'M': 0, 'N': 0, 'P': 0, 'Q': 0, 'R': 13, 'S': 0, 'T': 0, 'V': 8, 'W': 3, 'Y': 0}"	"{'A': 0.0, 'C': 0.0, 'D': 0.0, 'E': 0.0, 'F': 0.0, 'G': 0.0, 'H': 0.0, 'I': 0.0, 'K': 0.0, 'L': 0.0, 'M': 0.0, 'N': 0.0, 'P': 0.0, 'Q': 0.0, 'R': 0.5416666666666666, 'S': 0.0, 'T': 0.0, 'V': 0.3333333333333333, 'W': 0.125, 'Y': 0.0}"	A; C; D; E; F; G; H; I; K; L; M; N; P; Q; S; T; Y	R	W	11	13	13	0	0	0	3400.15314	96.66666667	-1.15	-27.6	1.185028649	12.99794125	13.57918618	beta	78.261677	0.125	"(0.4583333333333333, 0.0, 0.0)"	"(16500, 16500)"	34907712	CAMPSQ3388
AMRSAPFCS43	WLBU2 	RRWVRRVRRWVRRVVRVVRRWVRR	24	Synthetic construct	Synthetic construct	MRSA Clinical isolate 5 (MIC = 6.25 μM)	Experimentally validated	C151H306N66O48	"{'A': 0, 'C': 0, 'D': 0, 'E': 0, 'F': 0, 'G': 0, 'H': 0, 'I': 0, 'K': 0, 'L': 0, 'M': 0, 'N': 0, 'P': 0, 'Q': 0, 'R': 13, 'S': 0, 'T': 0, 'V': 8, 'W': 3, 'Y': 0}"	"{'A': 0.0, 'C': 0.0, 'D': 0.0, 'E': 0.0, 'F': 0.0, 'G': 0.0, 'H': 0.0, 'I': 0.0, 'K': 0.0, 'L': 0.0, 'M': 0.0, 'N': 0.0, 'P': 0.0, 'Q': 0.0, 'R': 0.5416666666666666, 'S': 0.0, 'T': 0.0, 'V': 0.3333333333333333, 'W': 0.125, 'Y': 0.0}"	A; C; D; E; F; G; H; I; K; L; M; N; P; Q; S; T; Y	R	W	11	13	13	0	0	0	3400.15314	96.66666667	-1.15	-27.6	1.185028649	12.99794125	13.57918618	beta	78.261677	0.125	"(0.4583333333333333, 0.0, 0.0)"	"(16500, 16500)"	34907712	CAMPSQ3388
AMRSAPFCS44	WLBU2 	RRWVRRVRRWVRRVVRVVRRWVRR	24	Synthetic construct	Synthetic construct	MRSA Clinical isolate 6 (MIC = 6.25 μM)	Experimentally validated	C151H306N66O48	"{'A': 0, 'C': 0, 'D': 0, 'E': 0, 'F': 0, 'G': 0, 'H': 0, 'I': 0, 'K': 0, 'L': 0, 'M': 0, 'N': 0, 'P': 0, 'Q': 0, 'R': 13, 'S': 0, 'T': 0, 'V': 8, 'W': 3, 'Y': 0}"	"{'A': 0.0, 'C': 0.0, 'D': 0.0, 'E': 0.0, 'F': 0.0, 'G': 0.0, 'H': 0.0, 'I': 0.0, 'K': 0.0, 'L': 0.0, 'M': 0.0, 'N': 0.0, 'P': 0.0, 'Q': 0.0, 'R': 0.5416666666666666, 'S': 0.0, 'T': 0.0, 'V': 0.3333333333333333, 'W': 0.125, 'Y': 0.0}"	A; C; D; E; F; G; H; I; K; L; M; N; P; Q; S; T; Y	R	W	11	13	13	0	0	0	3400.15314	96.66666667	-1.15	-27.6	1.185028649	12.99794125	13.57918618	beta	78.261677	0.125	"(0.4583333333333333, 0.0, 0.0)"	"(16500, 16500)"	34907712	CAMPSQ3388
AMRSAPFCS45	WLBU2 	RRWVRRVRRWVRRVVRVVRRWVRR	24	Synthetic construct	Synthetic construct	MRSA Clinical isolate 7 (MIC = 1.56 μM)	Experimentally validated	C151H306N66O48	"{'A': 0, 'C': 0, 'D': 0, 'E': 0, 'F': 0, 'G': 0, 'H': 0, 'I': 0, 'K': 0, 'L': 0, 'M': 0, 'N': 0, 'P': 0, 'Q': 0, 'R': 13, 'S': 0, 'T': 0, 'V': 8, 'W': 3, 'Y': 0}"	"{'A': 0.0, 'C': 0.0, 'D': 0.0, 'E': 0.0, 'F': 0.0, 'G': 0.0, 'H': 0.0, 'I': 0.0, 'K': 0.0, 'L': 0.0, 'M': 0.0, 'N': 0.0, 'P': 0.0, 'Q': 0.0, 'R': 0.5416666666666666, 'S': 0.0, 'T': 0.0, 'V': 0.3333333333333333, 'W': 0.125, 'Y': 0.0}"	A; C; D; E; F; G; H; I; K; L; M; N; P; Q; S; T; Y	R	W	11	13	13	0	0	0	3400.15314	96.66666667	-1.15	-27.6	1.185028649	12.99794125	13.57918618	beta	78.261677	0.125	"(0.4583333333333333, 0.0, 0.0)"	"(16500, 16500)"	34907712	CAMPSQ3388
AMRSAPFCS46	WLBU2 	RRWVRRVRRWVRRVVRVVRRWVRR	24	Synthetic construct	Synthetic construct	MRSA Clinical isolate 8 (MIC = 3.13 μM)	Experimentally validated	C151H306N66O48	"{'A': 0, 'C': 0, 'D': 0, 'E': 0, 'F': 0, 'G': 0, 'H': 0, 'I': 0, 'K': 0, 'L': 0, 'M': 0, 'N': 0, 'P': 0, 'Q': 0, 'R': 13, 'S': 0, 'T': 0, 'V': 8, 'W': 3, 'Y': 0}"	"{'A': 0.0, 'C': 0.0, 'D': 0.0, 'E': 0.0, 'F': 0.0, 'G': 0.0, 'H': 0.0, 'I': 0.0, 'K': 0.0, 'L': 0.0, 'M': 0.0, 'N': 0.0, 'P': 0.0, 'Q': 0.0, 'R': 0.5416666666666666, 'S': 0.0, 'T': 0.0, 'V': 0.3333333333333333, 'W': 0.125, 'Y': 0.0}"	A; C; D; E; F; G; H; I; K; L; M; N; P; Q; S; T; Y	R	W	11	13	13	0	0	0	3400.15314	96.66666667	-1.15	-27.6	1.185028649	12.99794125	13.57918618	beta	78.261677	0.125	"(0.4583333333333333, 0.0, 0.0)"	"(16500, 16500)"	34907712	CAMPSQ3388
AMRSAPFCS47	WLBU2 	RRWVRRVRRWVRRVVRVVRRWVRR	24	Synthetic construct	Synthetic construct	MRSA Clinical isolate 9 (MIC = 3.13 μM)	Experimentally validated	C151H306N66O48	"{'A': 0, 'C': 0, 'D': 0, 'E': 0, 'F': 0, 'G': 0, 'H': 0, 'I': 0, 'K': 0, 'L': 0, 'M': 0, 'N': 0, 'P': 0, 'Q': 0, 'R': 13, 'S': 0, 'T': 0, 'V': 8, 'W': 3, 'Y': 0}"	"{'A': 0.0, 'C': 0.0, 'D': 0.0, 'E': 0.0, 'F': 0.0, 'G': 0.0, 'H': 0.0, 'I': 0.0, 'K': 0.0, 'L': 0.0, 'M': 0.0, 'N': 0.0, 'P': 0.0, 'Q': 0.0, 'R': 0.5416666666666666, 'S': 0.0, 'T': 0.0, 'V': 0.3333333333333333, 'W': 0.125, 'Y': 0.0}"	A; C; D; E; F; G; H; I; K; L; M; N; P; Q; S; T; Y	R	W	11	13	13	0	0	0	3400.15314	96.66666667	-1.15	-27.6	1.185028649	12.99794125	13.57918618	beta	78.261677	0.125	"(0.4583333333333333, 0.0, 0.0)"	"(16500, 16500)"	34907712	CAMPSQ3388
AMRSAPFCS48	WLBU2 	RRWVRRVRRWVRRVVRVVRRWVRR	24	Synthetic construct	Synthetic construct	MRSA Clinical isolate 10 (MIC = 3.13 μM)	Experimentally validated	C151H306N66O48	"{'A': 0, 'C': 0, 'D': 0, 'E': 0, 'F': 0, 'G': 0, 'H': 0, 'I': 0, 'K': 0, 'L': 0, 'M': 0, 'N': 0, 'P': 0, 'Q': 0, 'R': 13, 'S': 0, 'T': 0, 'V': 8, 'W': 3, 'Y': 0}"	"{'A': 0.0, 'C': 0.0, 'D': 0.0, 'E': 0.0, 'F': 0.0, 'G': 0.0, 'H': 0.0, 'I': 0.0, 'K': 0.0, 'L': 0.0, 'M': 0.0, 'N': 0.0, 'P': 0.0, 'Q': 0.0, 'R': 0.5416666666666666, 'S': 0.0, 'T': 0.0, 'V': 0.3333333333333333, 'W': 0.125, 'Y': 0.0}"	A; C; D; E; F; G; H; I; K; L; M; N; P; Q; S; T; Y	R	W	11	13	13	0	0	0	3400.15314	96.66666667	-1.15	-27.6	1.185028649	12.99794125	13.57918618	beta	78.261677	0.125	"(0.4583333333333333, 0.0, 0.0)"	"(16500, 16500)"	34907712	CAMPSQ3388
AMRSAPFCS49	WLBU2 	RRWVRRVRRWVRRVVRVVRRWVRR	24	Synthetic construct	Synthetic construct	MRSA Clinical isolate 11 (MIC = 1.56 μM)	Experimentally validated	C151H306N66O48	"{'A': 0, 'C': 0, 'D': 0, 'E': 0, 'F': 0, 'G': 0, 'H': 0, 'I': 0, 'K': 0, 'L': 0, 'M': 0, 'N': 0, 'P': 0, 'Q': 0, 'R': 13, 'S': 0, 'T': 0, 'V': 8, 'W': 3, 'Y': 0}"	"{'A': 0.0, 'C': 0.0, 'D': 0.0, 'E': 0.0, 'F': 0.0, 'G': 0.0, 'H': 0.0, 'I': 0.0, 'K': 0.0, 'L': 0.0, 'M': 0.0, 'N': 0.0, 'P': 0.0, 'Q': 0.0, 'R': 0.5416666666666666, 'S': 0.0, 'T': 0.0, 'V': 0.3333333333333333, 'W': 0.125, 'Y': 0.0}"	A; C; D; E; F; G; H; I; K; L; M; N; P; Q; S; T; Y	R	W	11	13	13	0	0	0	3400.15314	96.66666667	-1.15	-27.6	1.185028649	12.99794125	13.57918618	beta	78.261677	0.125	"(0.4583333333333333, 0.0, 0.0)"	"(16500, 16500)"	34907712	CAMPSQ3388
AMRSAPFCS50	WLBU2 	RRWVRRVRRWVRRVVRVVRRWVRR	24	Synthetic construct	Synthetic construct	MRSA Clinical isolate 12 (MIC = 3.13 μM)	Experimentally validated	C151H306N66O48	"{'A': 0, 'C': 0, 'D': 0, 'E': 0, 'F': 0, 'G': 0, 'H': 0, 'I': 0, 'K': 0, 'L': 0, 'M': 0, 'N': 0, 'P': 0, 'Q': 0, 'R': 13, 'S': 0, 'T': 0, 'V': 8, 'W': 3, 'Y': 0}"	"{'A': 0.0, 'C': 0.0, 'D': 0.0, 'E': 0.0, 'F': 0.0, 'G': 0.0, 'H': 0.0, 'I': 0.0, 'K': 0.0, 'L': 0.0, 'M': 0.0, 'N': 0.0, 'P': 0.0, 'Q': 0.0, 'R': 0.5416666666666666, 'S': 0.0, 'T': 0.0, 'V': 0.3333333333333333, 'W': 0.125, 'Y': 0.0}"	A; C; D; E; F; G; H; I; K; L; M; N; P; Q; S; T; Y	R	W	11	13	13	0	0	0	3400.15314	96.66666667	-1.15	-27.6	1.185028649	12.99794125	13.57918618	beta	78.261677	0.125	"(0.4583333333333333, 0.0, 0.0)"	"(16500, 16500)"	34907712	CAMPSQ3388
AMRSAPFCS51	WLBU2 	RRWVRRVRRWVRRVVRVVRRWVRR	24	Synthetic construct	Synthetic construct	MRSA Clinical isolate 13 (MIC = 1.56 μM)	Experimentally validated	C151H306N66O48	"{'A': 0, 'C': 0, 'D': 0, 'E': 0, 'F': 0, 'G': 0, 'H': 0, 'I': 0, 'K': 0, 'L': 0, 'M': 0, 'N': 0, 'P': 0, 'Q': 0, 'R': 13, 'S': 0, 'T': 0, 'V': 8, 'W': 3, 'Y': 0}"	"{'A': 0.0, 'C': 0.0, 'D': 0.0, 'E': 0.0, 'F': 0.0, 'G': 0.0, 'H': 0.0, 'I': 0.0, 'K': 0.0, 'L': 0.0, 'M': 0.0, 'N': 0.0, 'P': 0.0, 'Q': 0.0, 'R': 0.5416666666666666, 'S': 0.0, 'T': 0.0, 'V': 0.3333333333333333, 'W': 0.125, 'Y': 0.0}"	A; C; D; E; F; G; H; I; K; L; M; N; P; Q; S; T; Y	R	W	11	13	13	0	0	0	3400.15314	96.66666667	-1.15	-27.6	1.185028649	12.99794125	13.57918618	beta	78.261677	0.125	"(0.4583333333333333, 0.0, 0.0)"	"(16500, 16500)"	34907712	CAMPSQ3388
AMRSAPFCS52	WLBU2 	RRWVRRVRRWVRRVVRVVRRWVRR	24	Synthetic construct	Synthetic construct	MRSA Clinical isolate 14 (MIC = 3.13 μM)	Experimentally validated	C151H306N66O48	"{'A': 0, 'C': 0, 'D': 0, 'E': 0, 'F': 0, 'G': 0, 'H': 0, 'I': 0, 'K': 0, 'L': 0, 'M': 0, 'N': 0, 'P': 0, 'Q': 0, 'R': 13, 'S': 0, 'T': 0, 'V': 8, 'W': 3, 'Y': 0}"	"{'A': 0.0, 'C': 0.0, 'D': 0.0, 'E': 0.0, 'F': 0.0, 'G': 0.0, 'H': 0.0, 'I': 0.0, 'K': 0.0, 'L': 0.0, 'M': 0.0, 'N': 0.0, 'P': 0.0, 'Q': 0.0, 'R': 0.5416666666666666, 'S': 0.0, 'T': 0.0, 'V': 0.3333333333333333, 'W': 0.125, 'Y': 0.0}"	A; C; D; E; F; G; H; I; K; L; M; N; P; Q; S; T; Y	R	W	11	13	13	0	0	0	3400.15314	96.66666667	-1.15	-27.6	1.185028649	12.99794125	13.57918618	beta	78.261677	0.125	"(0.4583333333333333, 0.0, 0.0)"	"(16500, 16500)"	34907712	CAMPSQ3388
AMRSAPFCS53	WLBU2 	RRWVRRVRRWVRRVVRVVRRWVRR	24	Synthetic construct	Synthetic construct	MRSA Clinical isolate 15 (MIC = 3.13 μM)	Experimentally validated	C151H306N66O48	"{'A': 0, 'C': 0, 'D': 0, 'E': 0, 'F': 0, 'G': 0, 'H': 0, 'I': 0, 'K': 0, 'L': 0, 'M': 0, 'N': 0, 'P': 0, 'Q': 0, 'R': 13, 'S': 0, 'T': 0, 'V': 8, 'W': 3, 'Y': 0}"	"{'A': 0.0, 'C': 0.0, 'D': 0.0, 'E': 0.0, 'F': 0.0, 'G': 0.0, 'H': 0.0, 'I': 0.0, 'K': 0.0, 'L': 0.0, 'M': 0.0, 'N': 0.0, 'P': 0.0, 'Q': 0.0, 'R': 0.5416666666666666, 'S': 0.0, 'T': 0.0, 'V': 0.3333333333333333, 'W': 0.125, 'Y': 0.0}"	A; C; D; E; F; G; H; I; K; L; M; N; P; Q; S; T; Y	R	W	11	13	13	0	0	0	3400.15314	96.66666667	-1.15	-27.6	1.185028649	12.99794125	13.57918618	beta	78.261677	0.125	"(0.4583333333333333, 0.0, 0.0)"	"(16500, 16500)"	34907712	CAMPSQ3388
AMRSAPFCS54	WLBU2 	RRWVRRVRRWVRRVVRVVRRWVRR	24	Synthetic construct	Synthetic construct	MRSA Clinical isolate 16 (MIC = 3.13 μM)	Experimentally validated	C151H306N66O48	"{'A': 0, 'C': 0, 'D': 0, 'E': 0, 'F': 0, 'G': 0, 'H': 0, 'I': 0, 'K': 0, 'L': 0, 'M': 0, 'N': 0, 'P': 0, 'Q': 0, 'R': 13, 'S': 0, 'T': 0, 'V': 8, 'W': 3, 'Y': 0}"	"{'A': 0.0, 'C': 0.0, 'D': 0.0, 'E': 0.0, 'F': 0.0, 'G': 0.0, 'H': 0.0, 'I': 0.0, 'K': 0.0, 'L': 0.0, 'M': 0.0, 'N': 0.0, 'P': 0.0, 'Q': 0.0, 'R': 0.5416666666666666, 'S': 0.0, 'T': 0.0, 'V': 0.3333333333333333, 'W': 0.125, 'Y': 0.0}"	A; C; D; E; F; G; H; I; K; L; M; N; P; Q; S; T; Y	R	W	11	13	13	0	0	0	3400.15314	96.66666667	-1.15	-27.6	1.185028649	12.99794125	13.57918618	beta	78.261677	0.125	"(0.4583333333333333, 0.0, 0.0)"	"(16500, 16500)"	34907712	CAMPSQ3388
AMRSAPFCS55	WLBU2 	RRWVRRVRRWVRRVVRVVRRWVRR	24	Synthetic construct	Synthetic construct	MRSA Clinical isolate 17 (MIC = 3.13 μM)	Experimentally validated	C151H306N66O48	"{'A': 0, 'C': 0, 'D': 0, 'E': 0, 'F': 0, 'G': 0, 'H': 0, 'I': 0, 'K': 0, 'L': 0, 'M': 0, 'N': 0, 'P': 0, 'Q': 0, 'R': 13, 'S': 0, 'T': 0, 'V': 8, 'W': 3, 'Y': 0}"	"{'A': 0.0, 'C': 0.0, 'D': 0.0, 'E': 0.0, 'F': 0.0, 'G': 0.0, 'H': 0.0, 'I': 0.0, 'K': 0.0, 'L': 0.0, 'M': 0.0, 'N': 0.0, 'P': 0.0, 'Q': 0.0, 'R': 0.5416666666666666, 'S': 0.0, 'T': 0.0, 'V': 0.3333333333333333, 'W': 0.125, 'Y': 0.0}"	A; C; D; E; F; G; H; I; K; L; M; N; P; Q; S; T; Y	R	W	11	13	13	0	0	0	3400.15314	96.66666667	-1.15	-27.6	1.185028649	12.99794125	13.57918618	beta	78.261677	0.125	"(0.4583333333333333, 0.0, 0.0)"	"(16500, 16500)"	34907712	CAMPSQ3388
AMRSAPFCS56	WLBU2 	RRWVRRVRRWVRRVVRVVRRWVRR	24	Synthetic construct	Synthetic construct	MRSA Clinical isolate 18 (MIC = 3.13 μM)	Experimentally validated	C151H306N66O48	"{'A': 0, 'C': 0, 'D': 0, 'E': 0, 'F': 0, 'G': 0, 'H': 0, 'I': 0, 'K': 0, 'L': 0, 'M': 0, 'N': 0, 'P': 0, 'Q': 0, 'R': 13, 'S': 0, 'T': 0, 'V': 8, 'W': 3, 'Y': 0}"	"{'A': 0.0, 'C': 0.0, 'D': 0.0, 'E': 0.0, 'F': 0.0, 'G': 0.0, 'H': 0.0, 'I': 0.0, 'K': 0.0, 'L': 0.0, 'M': 0.0, 'N': 0.0, 'P': 0.0, 'Q': 0.0, 'R': 0.5416666666666666, 'S': 0.0, 'T': 0.0, 'V': 0.3333333333333333, 'W': 0.125, 'Y': 0.0}"	A; C; D; E; F; G; H; I; K; L; M; N; P; Q; S; T; Y	R	W	11	13	13	0	0	0	3400.15314	96.66666667	-1.15	-27.6	1.185028649	12.99794125	13.57918618	beta	78.261677	0.125	"(0.4583333333333333, 0.0, 0.0)"	"(16500, 16500)"	34907712	CAMPSQ3388
AMRSAPFCS57	WLBU2 	RRWVRRVRRWVRRVVRVVRRWVRR	24	Synthetic construct	Synthetic construct	MRSA Clinical isolate 19 (MIC = 3.13 μM)	Experimentally validated	C151H306N66O48	"{'A': 0, 'C': 0, 'D': 0, 'E': 0, 'F': 0, 'G': 0, 'H': 0, 'I': 0, 'K': 0, 'L': 0, 'M': 0, 'N': 0, 'P': 0, 'Q': 0, 'R': 13, 'S': 0, 'T': 0, 'V': 8, 'W': 3, 'Y': 0}"	"{'A': 0.0, 'C': 0.0, 'D': 0.0, 'E': 0.0, 'F': 0.0, 'G': 0.0, 'H': 0.0, 'I': 0.0, 'K': 0.0, 'L': 0.0, 'M': 0.0, 'N': 0.0, 'P': 0.0, 'Q': 0.0, 'R': 0.5416666666666666, 'S': 0.0, 'T': 0.0, 'V': 0.3333333333333333, 'W': 0.125, 'Y': 0.0}"	A; C; D; E; F; G; H; I; K; L; M; N; P; Q; S; T; Y	R	W	11	13	13	0	0	0	3400.15314	96.66666667	-1.15	-27.6	1.185028649	12.99794125	13.57918618	beta	78.261677	0.125	"(0.4583333333333333, 0.0, 0.0)"	"(16500, 16500)"	34907712	CAMPSQ3388
AMRSAPFCS58	WLBU2 	RRWVRRVRRWVRRVVRVVRRWVRR	24	Synthetic construct	Synthetic construct	MRSA Clinical isolate 20 (MIC = 6.25 μM)	Experimentally validated	C151H306N66O48	"{'A': 0, 'C': 0, 'D': 0, 'E': 0, 'F': 0, 'G': 0, 'H': 0, 'I': 0, 'K': 0, 'L': 0, 'M': 0, 'N': 0, 'P': 0, 'Q': 0, 'R': 13, 'S': 0, 'T': 0, 'V': 8, 'W': 3, 'Y': 0}"	"{'A': 0.0, 'C': 0.0, 'D': 0.0, 'E': 0.0, 'F': 0.0, 'G': 0.0, 'H': 0.0, 'I': 0.0, 'K': 0.0, 'L': 0.0, 'M': 0.0, 'N': 0.0, 'P': 0.0, 'Q': 0.0, 'R': 0.5416666666666666, 'S': 0.0, 'T': 0.0, 'V': 0.3333333333333333, 'W': 0.125, 'Y': 0.0}"	A; C; D; E; F; G; H; I; K; L; M; N; P; Q; S; T; Y	R	W	11	13	13	0	0	0	3400.15314	96.66666667	-1.15	-27.6	1.185028649	12.99794125	13.57918618	beta	78.261677	0.125	"(0.4583333333333333, 0.0, 0.0)"	"(16500, 16500)"	34907712	CAMPSQ3388
AMRSAPFCS59	WLBU2 	RRWVRRVRRWVRRVVRVVRRWVRR	24	Synthetic construct	Synthetic construct	MRSA Clinical isolate 21 (MIC = 6.25 μM)	Experimentally validated	C151H306N66O48	"{'A': 0, 'C': 0, 'D': 0, 'E': 0, 'F': 0, 'G': 0, 'H': 0, 'I': 0, 'K': 0, 'L': 0, 'M': 0, 'N': 0, 'P': 0, 'Q': 0, 'R': 13, 'S': 0, 'T': 0, 'V': 8, 'W': 3, 'Y': 0}"	"{'A': 0.0, 'C': 0.0, 'D': 0.0, 'E': 0.0, 'F': 0.0, 'G': 0.0, 'H': 0.0, 'I': 0.0, 'K': 0.0, 'L': 0.0, 'M': 0.0, 'N': 0.0, 'P': 0.0, 'Q': 0.0, 'R': 0.5416666666666666, 'S': 0.0, 'T': 0.0, 'V': 0.3333333333333333, 'W': 0.125, 'Y': 0.0}"	A; C; D; E; F; G; H; I; K; L; M; N; P; Q; S; T; Y	R	W	11	13	13	0	0	0	3400.15314	96.66666667	-1.15	-27.6	1.185028649	12.99794125	13.57918618	beta	78.261677	0.125	"(0.4583333333333333, 0.0, 0.0)"	"(16500, 16500)"	34907712	CAMPSQ3388
AMRSAPFCS60	WLBU2 	RRWVRRVRRWVRRVVRVVRRWVRR	24	Synthetic construct	Synthetic construct	MRSA Clinical isolate 22 (MIC = 1.56 μM)	Experimentally validated	C151H306N66O48	"{'A': 0, 'C': 0, 'D': 0, 'E': 0, 'F': 0, 'G': 0, 'H': 0, 'I': 0, 'K': 0, 'L': 0, 'M': 0, 'N': 0, 'P': 0, 'Q': 0, 'R': 13, 'S': 0, 'T': 0, 'V': 8, 'W': 3, 'Y': 0}"	"{'A': 0.0, 'C': 0.0, 'D': 0.0, 'E': 0.0, 'F': 0.0, 'G': 0.0, 'H': 0.0, 'I': 0.0, 'K': 0.0, 'L': 0.0, 'M': 0.0, 'N': 0.0, 'P': 0.0, 'Q': 0.0, 'R': 0.5416666666666666, 'S': 0.0, 'T': 0.0, 'V': 0.3333333333333333, 'W': 0.125, 'Y': 0.0}"	A; C; D; E; F; G; H; I; K; L; M; N; P; Q; S; T; Y	R	W	11	13	13	0	0	0	3400.15314	96.66666667	-1.15	-27.6	1.185028649	12.99794125	13.57918618	beta	78.261677	0.125	"(0.4583333333333333, 0.0, 0.0)"	"(16500, 16500)"	34907712	CAMPSQ3388
AMRSAPFCS61	WLBU2 	RRWVRRVRRWVRRVVRVVRRWVRR	24	Synthetic construct	Synthetic construct	MRSA Clinical isolate 23 (MIC = 1.56 μM)	Experimentally validated	C151H306N66O48	"{'A': 0, 'C': 0, 'D': 0, 'E': 0, 'F': 0, 'G': 0, 'H': 0, 'I': 0, 'K': 0, 'L': 0, 'M': 0, 'N': 0, 'P': 0, 'Q': 0, 'R': 13, 'S': 0, 'T': 0, 'V': 8, 'W': 3, 'Y': 0}"	"{'A': 0.0, 'C': 0.0, 'D': 0.0, 'E': 0.0, 'F': 0.0, 'G': 0.0, 'H': 0.0, 'I': 0.0, 'K': 0.0, 'L': 0.0, 'M': 0.0, 'N': 0.0, 'P': 0.0, 'Q': 0.0, 'R': 0.5416666666666666, 'S': 0.0, 'T': 0.0, 'V': 0.3333333333333333, 'W': 0.125, 'Y': 0.0}"	A; C; D; E; F; G; H; I; K; L; M; N; P; Q; S; T; Y	R	W	11	13	13	0	0	0	3400.15314	96.66666667	-1.15	-27.6	1.185028649	12.99794125	13.57918618	beta	78.261677	0.125	"(0.4583333333333333, 0.0, 0.0)"	"(16500, 16500)"	34907712	CAMPSQ3388
AMRSAPFCS62	WLBU2 	RRWVRRVRRWVRRVVRVVRRWVRR	24	Synthetic construct	Synthetic construct	MRSA Clinical isolate 24 (MIC = 1.56 μM)	Experimentally validated	C151H306N66O48	"{'A': 0, 'C': 0, 'D': 0, 'E': 0, 'F': 0, 'G': 0, 'H': 0, 'I': 0, 'K': 0, 'L': 0, 'M': 0, 'N': 0, 'P': 0, 'Q': 0, 'R': 13, 'S': 0, 'T': 0, 'V': 8, 'W': 3, 'Y': 0}"	"{'A': 0.0, 'C': 0.0, 'D': 0.0, 'E': 0.0, 'F': 0.0, 'G': 0.0, 'H': 0.0, 'I': 0.0, 'K': 0.0, 'L': 0.0, 'M': 0.0, 'N': 0.0, 'P': 0.0, 'Q': 0.0, 'R': 0.5416666666666666, 'S': 0.0, 'T': 0.0, 'V': 0.3333333333333333, 'W': 0.125, 'Y': 0.0}"	A; C; D; E; F; G; H; I; K; L; M; N; P; Q; S; T; Y	R	W	11	13	13	0	0	0	3400.15314	96.66666667	-1.15	-27.6	1.185028649	12.99794125	13.57918618	beta	78.261677	0.125	"(0.4583333333333333, 0.0, 0.0)"	"(16500, 16500)"	34907712	CAMPSQ3388
AMRSAPFCS63	WLBU2 	RRWVRRVRRWVRRVVRVVRRWVRR	24	Synthetic construct	Synthetic construct	MRSA Clinical isolate 25 (MIC = 3.13 μM)	Experimentally validated	C151H306N66O48	"{'A': 0, 'C': 0, 'D': 0, 'E': 0, 'F': 0, 'G': 0, 'H': 0, 'I': 0, 'K': 0, 'L': 0, 'M': 0, 'N': 0, 'P': 0, 'Q': 0, 'R': 13, 'S': 0, 'T': 0, 'V': 8, 'W': 3, 'Y': 0}"	"{'A': 0.0, 'C': 0.0, 'D': 0.0, 'E': 0.0, 'F': 0.0, 'G': 0.0, 'H': 0.0, 'I': 0.0, 'K': 0.0, 'L': 0.0, 'M': 0.0, 'N': 0.0, 'P': 0.0, 'Q': 0.0, 'R': 0.5416666666666666, 'S': 0.0, 'T': 0.0, 'V': 0.3333333333333333, 'W': 0.125, 'Y': 0.0}"	A; C; D; E; F; G; H; I; K; L; M; N; P; Q; S; T; Y	R	W	11	13	13	0	0	0	3400.15314	96.66666667	-1.15	-27.6	1.185028649	12.99794125	13.57918618	beta	78.261677	0.125	"(0.4583333333333333, 0.0, 0.0)"	"(16500, 16500)"	34907712	CAMPSQ3388
AMRSAPFCS64	WLBU2 	RRWVRRVRRWVRRVVRVVRRWVRR	24	Synthetic construct	Synthetic construct	MRSA Clinical isolate 26 (MIC = 6.25 μM)	Experimentally validated	C151H306N66O48	"{'A': 0, 'C': 0, 'D': 0, 'E': 0, 'F': 0, 'G': 0, 'H': 0, 'I': 0, 'K': 0, 'L': 0, 'M': 0, 'N': 0, 'P': 0, 'Q': 0, 'R': 13, 'S': 0, 'T': 0, 'V': 8, 'W': 3, 'Y': 0}"	"{'A': 0.0, 'C': 0.0, 'D': 0.0, 'E': 0.0, 'F': 0.0, 'G': 0.0, 'H': 0.0, 'I': 0.0, 'K': 0.0, 'L': 0.0, 'M': 0.0, 'N': 0.0, 'P': 0.0, 'Q': 0.0, 'R': 0.5416666666666666, 'S': 0.0, 'T': 0.0, 'V': 0.3333333333333333, 'W': 0.125, 'Y': 0.0}"	A; C; D; E; F; G; H; I; K; L; M; N; P; Q; S; T; Y	R	W	11	13	13	0	0	0	3400.15314	96.66666667	-1.15	-27.6	1.185028649	12.99794125	13.57918618	beta	78.261677	0.125	"(0.4583333333333333, 0.0, 0.0)"	"(16500, 16500)"	34907712	CAMPSQ3388
AMRSAPFCS65	WLBU2 	RRWVRRVRRWVRRVVRVVRRWVRR	24	Synthetic construct	Synthetic construct	MRSA Clinical isolate 27 (MIC = 6.25 μM)	Experimentally validated	C151H306N66O48	"{'A': 0, 'C': 0, 'D': 0, 'E': 0, 'F': 0, 'G': 0, 'H': 0, 'I': 0, 'K': 0, 'L': 0, 'M': 0, 'N': 0, 'P': 0, 'Q': 0, 'R': 13, 'S': 0, 'T': 0, 'V': 8, 'W': 3, 'Y': 0}"	"{'A': 0.0, 'C': 0.0, 'D': 0.0, 'E': 0.0, 'F': 0.0, 'G': 0.0, 'H': 0.0, 'I': 0.0, 'K': 0.0, 'L': 0.0, 'M': 0.0, 'N': 0.0, 'P': 0.0, 'Q': 0.0, 'R': 0.5416666666666666, 'S': 0.0, 'T': 0.0, 'V': 0.3333333333333333, 'W': 0.125, 'Y': 0.0}"	A; C; D; E; F; G; H; I; K; L; M; N; P; Q; S; T; Y	R	W	11	13	13	0	0	0	3400.15314	96.66666667	-1.15	-27.6	1.185028649	12.99794125	13.57918618	beta	78.261677	0.125	"(0.4583333333333333, 0.0, 0.0)"	"(16500, 16500)"	34907712	CAMPSQ3388
AMRSAPFCS66	WLBU2 	RRWVRRVRRWVRRVVRVVRRWVRR	24	Synthetic construct	Synthetic construct	MRSA Clinical isolate 28 (MIC = 3.13 μM)	Experimentally validated	C151H306N66O48	"{'A': 0, 'C': 0, 'D': 0, 'E': 0, 'F': 0, 'G': 0, 'H': 0, 'I': 0, 'K': 0, 'L': 0, 'M': 0, 'N': 0, 'P': 0, 'Q': 0, 'R': 13, 'S': 0, 'T': 0, 'V': 8, 'W': 3, 'Y': 0}"	"{'A': 0.0, 'C': 0.0, 'D': 0.0, 'E': 0.0, 'F': 0.0, 'G': 0.0, 'H': 0.0, 'I': 0.0, 'K': 0.0, 'L': 0.0, 'M': 0.0, 'N': 0.0, 'P': 0.0, 'Q': 0.0, 'R': 0.5416666666666666, 'S': 0.0, 'T': 0.0, 'V': 0.3333333333333333, 'W': 0.125, 'Y': 0.0}"	A; C; D; E; F; G; H; I; K; L; M; N; P; Q; S; T; Y	R	W	11	13	13	0	0	0	3400.15314	96.66666667	-1.15	-27.6	1.185028649	12.99794125	13.57918618	beta	78.261677	0.125	"(0.4583333333333333, 0.0, 0.0)"	"(16500, 16500)"	34907712	CAMPSQ3388
AMRSAPFCS67	WLBU2 	RRWVRRVRRWVRRVVRVVRRWVRR	24	Synthetic construct	Synthetic construct	MRSA Clinical isolate 29 (MIC = 3.13 μM)	Experimentally validated	C151H306N66O48	"{'A': 0, 'C': 0, 'D': 0, 'E': 0, 'F': 0, 'G': 0, 'H': 0, 'I': 0, 'K': 0, 'L': 0, 'M': 0, 'N': 0, 'P': 0, 'Q': 0, 'R': 13, 'S': 0, 'T': 0, 'V': 8, 'W': 3, 'Y': 0}"	"{'A': 0.0, 'C': 0.0, 'D': 0.0, 'E': 0.0, 'F': 0.0, 'G': 0.0, 'H': 0.0, 'I': 0.0, 'K': 0.0, 'L': 0.0, 'M': 0.0, 'N': 0.0, 'P': 0.0, 'Q': 0.0, 'R': 0.5416666666666666, 'S': 0.0, 'T': 0.0, 'V': 0.3333333333333333, 'W': 0.125, 'Y': 0.0}"	A; C; D; E; F; G; H; I; K; L; M; N; P; Q; S; T; Y	R	W	11	13	13	0	0	0	3400.15314	96.66666667	-1.15	-27.6	1.185028649	12.99794125	13.57918618	beta	78.261677	0.125	"(0.4583333333333333, 0.0, 0.0)"	"(16500, 16500)"	34907712	CAMPSQ3388
AMRSAPFCS68	WLBU2 	RRWVRRVRRWVRRVVRVVRRWVRR	24	Synthetic construct	Synthetic construct	MRSA Clinical isolate 30 (MIC = 1.56 μM)	Experimentally validated	C151H306N66O48	"{'A': 0, 'C': 0, 'D': 0, 'E': 0, 'F': 0, 'G': 0, 'H': 0, 'I': 0, 'K': 0, 'L': 0, 'M': 0, 'N': 0, 'P': 0, 'Q': 0, 'R': 13, 'S': 0, 'T': 0, 'V': 8, 'W': 3, 'Y': 0}"	"{'A': 0.0, 'C': 0.0, 'D': 0.0, 'E': 0.0, 'F': 0.0, 'G': 0.0, 'H': 0.0, 'I': 0.0, 'K': 0.0, 'L': 0.0, 'M': 0.0, 'N': 0.0, 'P': 0.0, 'Q': 0.0, 'R': 0.5416666666666666, 'S': 0.0, 'T': 0.0, 'V': 0.3333333333333333, 'W': 0.125, 'Y': 0.0}"	A; C; D; E; F; G; H; I; K; L; M; N; P; Q; S; T; Y	R	W	11	13	13	0	0	0	3400.15314	96.66666667	-1.15	-27.6	1.185028649	12.99794125	13.57918618	beta	78.261677	0.125	"(0.4583333333333333, 0.0, 0.0)"	"(16500, 16500)"	34907712	CAMPSQ3388
AMRSAPFCS69	Mastoparan-L	INLKALAALAKKIL	14	�Vespula lewisii	Animalia	MRSA (clinical isolate 713623) (MIC >= 32 μM)	Experimentally validated	C70H156N18O29	"{'A': 4, 'C': 0, 'D': 0, 'E': 0, 'F': 0, 'G': 0, 'H': 0, 'I': 2, 'K': 3, 'L': 4, 'M': 0, 'N': 1, 'P': 0, 'Q': 0, 'R': 0, 'S': 0, 'T': 0, 'V': 0, 'W': 0, 'Y': 0}"	"{'A': 0.2857142857142857, 'C': 0.0, 'D': 0.0, 'E': 0.0, 'F': 0.0, 'G': 0.0, 'H': 0.0, 'I': 0.14285714285714285, 'K': 0.21428571428571427, 'L': 0.2857142857142857, 'M': 0.0, 'N': 0.07142857142857142, 'P': 0.0, 'Q': 0.0, 'R': 0.0, 'S': 0.0, 'T': 0.0, 'V': 0.0, 'W': 0.0, 'Y': 0.0}"	C; D; E; F; G; H; M; P; Q; R; S; T; V; W; Y	A; L	N	10	4	3	0	0	0	1479.91294	195.7142857	1.157142857	16.2	0.583560433	2.997099198	11.10307074	beta	18.060387	0	"(0.42857142857142855, 0.07142857142857142, 0.5714285714285714)"	"(0, 0)"	31411881	CAMPSQ9945
AMRSAPFCS70	Mastoparan-R1	KILKRLAAKIKKIL	14	Synthetic construct	Synthetic construct	MRSA (clinical isolate 713623) (MIC >= 32 μM)	Experimentally validated	C78H176N22O28	"{'A': 2, 'C': 0, 'D': 0, 'E': 0, 'F': 0, 'G': 0, 'H': 0, 'I': 3, 'K': 5, 'L': 3, 'M': 0, 'N': 0, 'P': 0, 'Q': 0, 'R': 1, 'S': 0, 'T': 0, 'V': 0, 'W': 0, 'Y': 0}"	"{'A': 0.14285714285714285, 'C': 0.0, 'D': 0.0, 'E': 0.0, 'F': 0.0, 'G': 0.0, 'H': 0.0, 'I': 0.21428571428571427, 'K': 0.35714285714285715, 'L': 0.21428571428571427, 'M': 0.0, 'N': 0.0, 'P': 0.0, 'Q': 0.0, 'R': 0.07142857142857142, 'S': 0.0, 'T': 0.0, 'V': 0.0, 'W': 0.0, 'Y': 0.0}"	C; D; E; F; G; H; M; N; P; Q; S; T; V; W; Y	K	R	8	6	6	0	0	0	1636.18724	181.4285714	0.321428571	4.5	0.747672048	5.996505819	12.05455268	beta	36.120774	0	"(0.42857142857142855, 0.0, 0.3571428571428571)"	"(0, 0)"	31411881	CAMPSQ9946
AMRSAPFCS71	Mastoparan-R4	INLKKLAARIKKKI	14	Synthetic construct	Synthetic construct	MRSA (clinical isolate 713623) (MIC= 8 μM)	Experimentally validated	C76H171N23O29	"{'A': 2, 'C': 0, 'D': 0, 'E': 0, 'F': 0, 'G': 0, 'H': 0, 'I': 3, 'K': 5, 'L': 2, 'M': 0, 'N': 1, 'P': 0, 'Q': 0, 'R': 1, 'S': 0, 'T': 0, 'V': 0, 'W': 0, 'Y': 0}"	"{'A': 0.14285714285714285, 'C': 0.0, 'D': 0.0, 'E': 0.0, 'F': 0.0, 'G': 0.0, 'H': 0.0, 'I': 0.21428571428571427, 'K': 0.35714285714285715, 'L': 0.14285714285714285, 'M': 0.0, 'N': 0.07142857142857142, 'P': 0.0, 'Q': 0.0, 'R': 0.07142857142857142, 'S': 0.0, 'T': 0.0, 'V': 0.0, 'W': 0.0, 'Y': 0.0}"	C; D; E; F; G; H; M; P; Q; S; T; V; W; Y	K	N; R	7	7	6	0	0	0	1637.13164	153.5714286	-0.2	-2.8	0.654286576	5.996505819	12.05455268	beta	36.120774	0	"(0.3571428571428571, 0.07142857142857142, 0.2857142857142857)"	"(0, 0)"	31411881	CAMPSQ9950
AMRSAPFCS72	Pleurocidins (WF2)	GWGSFFKKAAHVGKHVGKAALTHYL	25	Winter flounder	Animalia (Pisces)	Staphylococcus aureus Methicillin resistant clinical isolate (MIC = 8 μG/mL)	Experimentally validated	C129H240N36O53	"{'A': 4, 'C': 0, 'D': 0, 'E': 0, 'F': 2, 'G': 4, 'H': 3, 'I': 0, 'K': 4, 'L': 2, 'M': 0, 'N': 0, 'P': 0, 'Q': 0, 'R': 0, 'S': 1, 'T': 1, 'V': 2, 'W': 1, 'Y': 1}"	"{'A': 0.16, 'C': 0.0, 'D': 0.0, 'E': 0.0, 'F': 0.08, 'G': 0.16, 'H': 0.12, 'I': 0.0, 'K': 0.16, 'L': 0.08, 'M': 0.0, 'N': 0.0, 'P': 0.0, 'Q': 0.0, 'R': 0.0, 'S': 0.04, 'T': 0.04, 'V': 0.08, 'W': 0.04, 'Y': 0.04}"	C; D; E; I; M; N; P; Q; R	A; G; K	S; T; W; Y	15	10	7	0	0	0	2711.16744	70.4	-0.068	-1.7	0.593015358	4.268681022	10.86606129	alpha	24.080516	0.16	"(0.32, 0.2, 0.24)"	"(6990, 6990)"	12950255	NA
AMRSAPFCS73	Pleurocidins (NRC-01)	GKGRWLDRIGKAGGIIIGGALDHL	24	Winter flounder	Animalia (Pisces)	Staphylococcus aureus Methicillin resistant clinical isolate (MIC > 64 μG/mL)	Experimentally validated	C111H231N35O52	"{'A': 2, 'C': 0, 'D': 2, 'E': 0, 'F': 0, 'G': 7, 'H': 1, 'I': 4, 'K': 2, 'L': 3, 'M': 0, 'N': 0, 'P': 0, 'Q': 0, 'R': 2, 'S': 0, 'T': 0, 'V': 0, 'W': 1, 'Y': 0}"	"{'A': 0.08333333333333333, 'C': 0.0, 'D': 0.08333333333333333, 'E': 0.0, 'F': 0.0, 'G': 0.2916666666666667, 'H': 0.041666666666666664, 'I': 0.16666666666666666, 'K': 0.08333333333333333, 'L': 0.125, 'M': 0.0, 'N': 0.0, 'P': 0.0, 'Q': 0.0, 'R': 0.08333333333333333, 'S': 0.0, 'T': 0.0, 'V': 0.0, 'W': 0.041666666666666664, 'Y': 0.0}"	C; E; F; M; N; P; Q; S; T; V; Y	G	H; W	17	7	5	2	0	0	2473.90664	122.0833333	0.095833333	2.3	0.840412819	2.089189668	10.77379141	alpha	24.080516	0.041666667	"(0.3333333333333333, 0.2916666666666667, 0.20833333333333331)"	"(5500, 5500)"	12950255	NA
AMRSAPFCS74	Pleurocidins (WFX)	RSTEDIIKSISGGGFLNAMNA	21	Winter flounder	Animalia (Pisces)	Staphylococcus aureus Methicillin resistant clinical isolate (MIC > 64 μG/mL)	Experimentally validated	C92H193N27O52S1	"{'A': 2, 'C': 0, 'D': 1, 'E': 1, 'F': 1, 'G': 3, 'H': 0, 'I': 3, 'K': 1, 'L': 1, 'M': 1, 'N': 2, 'P': 0, 'Q': 0, 'R': 1, 'S': 3, 'T': 1, 'V': 0, 'W': 0, 'Y': 0}"	"{'A': 0.09523809523809523, 'C': 0.0, 'D': 0.047619047619047616, 'E': 0.047619047619047616, 'F': 0.047619047619047616, 'G': 0.14285714285714285, 'H': 0.0, 'I': 0.14285714285714285, 'K': 0.047619047619047616, 'L': 0.047619047619047616, 'M': 0.047619047619047616, 'N': 0.09523809523809523, 'P': 0.0, 'Q': 0.0, 'R': 0.047619047619047616, 'S': 0.14285714285714285, 'T': 0.047619047619047616, 'V': 0.0, 'W': 0.0, 'Y': 0.0}"	C; H; P; Q; V; W; Y	G; I; S	D; E; F; K; L; M; R; T	11	10	2	2	0	0	2181.44834	83.80952381	-0.052380952	-1.1	0.737372731	-9.24E-05	6.494323083	beta	12.040258	0.047619048	"(0.23809523809523808, 0.38095238095238093, 0.23809523809523808)"	"(0, 0)"	12950255	NA
AMRSAPFCS75	Pleurocidins (WFY (μ1))	FFRLLFHGVHHGGGYLNAA	19	Winter flounder	Animalia (Pisces)	Staphylococcus aureus Methicillin resistant clinical isolate (MIC > 64 μG/mL)	Experimentally validated	C101H177N29O40	"{'A': 2, 'C': 0, 'D': 0, 'E': 0, 'F': 3, 'G': 4, 'H': 3, 'I': 0, 'K': 0, 'L': 3, 'M': 0, 'N': 1, 'P': 0, 'Q': 0, 'R': 1, 'S': 0, 'T': 0, 'V': 1, 'W': 0, 'Y': 1}"	"{'A': 0.10526315789473684, 'C': 0.0, 'D': 0.0, 'E': 0.0, 'F': 0.15789473684210525, 'G': 0.21052631578947367, 'H': 0.15789473684210525, 'I': 0.0, 'K': 0.0, 'L': 0.15789473684210525, 'M': 0.0, 'N': 0.05263157894736842, 'P': 0.0, 'Q': 0.0, 'R': 0.05263157894736842, 'S': 0.0, 'T': 0.0, 'V': 0.05263157894736842, 'W': 0.0, 'Y': 0.05263157894736842}"	C; D; E; I; K; M; P; Q; S; T; W	G	N; R; V; Y	13	6	4	0	0	0	2113.41164	87.36842105	0.373684211	7.1	0.591183029	1.269857847	9.355860745	alpha	6.020129	0.210526316	"(0.42105263157894735, 0.2631578947368421, 0.2631578947368421)"	"(1490, 1490)"	12950255	NA
AMRSAPFCS76	Pleurocidins (WFZ (μ2))	FFRLLFHGVHHVGKIKPRA	19	Winter flounder	Animalia (Pisces)	Staphylococcus aureus Methicillin resistant clinical isolate (MIC = 64 μG/mL)	Experimentally validated	C109H203N33O38	"{'A': 1, 'C': 0, 'D': 0, 'E': 0, 'F': 3, 'G': 2, 'H': 3, 'I': 1, 'K': 2, 'L': 2, 'M': 0, 'N': 0, 'P': 1, 'Q': 0, 'R': 2, 'S': 0, 'T': 0, 'V': 2, 'W': 0, 'Y': 0}"	"{'A': 0.05263157894736842, 'C': 0.0, 'D': 0.0, 'E': 0.0, 'F': 0.15789473684210525, 'G': 0.10526315789473684, 'H': 0.15789473684210525, 'I': 0.05263157894736842, 'K': 0.10526315789473684, 'L': 0.10526315789473684, 'M': 0.0, 'N': 0.0, 'P': 0.05263157894736842, 'Q': 0.0, 'R': 0.10526315789473684, 'S': 0.0, 'T': 0.0, 'V': 0.10526315789473684, 'W': 0.0, 'Y': 0.0}"	C; D; E; M; N; Q; S; T; W; Y	F; H	A; I; P	12	7	7	0	0	0	2259.73424	97.36842105	0.1	1.9	0.601826247	4.270114882	12.53174929	alpha	24.080516	0.157894737	"(0.42105263157894735, 0.15789473684210525, 0.15789473684210525)"	"(0, 0)"	12950255	NA
AMRSAPFCS77	Nisin	MSTKDFNLDLVSVSKKDSGASPRITSISLCTPGCKTGALMGCNMKTATCNCSIHVSK	57	Lactococcus lactis subsp.	Bacteria	MRSA 831 Clinical isolate (MIC > 32 μM)	Experimentally validated	C246H531N71O138S8	"{'A': 3, 'C': 5, 'D': 3, 'E': 0, 'F': 1, 'G': 4, 'H': 1, 'I': 3, 'K': 6, 'L': 4, 'M': 3, 'N': 3, 'P': 2, 'Q': 0, 'R': 1, 'S': 9, 'T': 6, 'V': 3, 'W': 0, 'Y': 0}"	"{'A': 0.05263157894736842, 'C': 0.08771929824561403, 'D': 0.05263157894736842, 'E': 0.0, 'F': 0.017543859649122806, 'G': 0.07017543859649122, 'H': 0.017543859649122806, 'I': 0.05263157894736842, 'K': 0.10526315789473684, 'L': 0.07017543859649122, 'M': 0.05263157894736842, 'N': 0.05263157894736842, 'P': 0.03508771929824561, 'Q': 0.0, 'R': 0.017543859649122806, 'S': 0.15789473684210525, 'T': 0.10526315789473684, 'V': 0.05263157894736842, 'W': 0.0, 'Y': 0.0}"	E; Q; W; Y	S	F; H; R	23	34	8	3	0	0	5939.93944	68.42105263	-0.010526316	-0.6	0.312937804	3.778585749	8.800489183	alpha	42.140903	0.01754386	"(0.19298245614035087, 0.3157894736842105, 0.17543859649122806)"	"(0, 250)"	33427970	NA
AMRSAPFCS78	Nisin	MSTKDFNLDLVSVSKKDSGASPRITSISLCTPGCKTGALMGCNMKTATCNCSIHVSK	57	Lactococcus lactis subsp.	Bacteria	MRSA 839 Clinical isolate (MIC = 8 μM)	Experimentally validated	C246H531N71O138S8	"{'A': 3, 'C': 5, 'D': 3, 'E': 0, 'F': 1, 'G': 4, 'H': 1, 'I': 3, 'K': 6, 'L': 4, 'M': 3, 'N': 3, 'P': 2, 'Q': 0, 'R': 1, 'S': 9, 'T': 6, 'V': 3, 'W': 0, 'Y': 0}"	"{'A': 0.05263157894736842, 'C': 0.08771929824561403, 'D': 0.05263157894736842, 'E': 0.0, 'F': 0.017543859649122806, 'G': 0.07017543859649122, 'H': 0.017543859649122806, 'I': 0.05263157894736842, 'K': 0.10526315789473684, 'L': 0.07017543859649122, 'M': 0.05263157894736842, 'N': 0.05263157894736842, 'P': 0.03508771929824561, 'Q': 0.0, 'R': 0.017543859649122806, 'S': 0.15789473684210525, 'T': 0.10526315789473684, 'V': 0.05263157894736842, 'W': 0.0, 'Y': 0.0}"	E; Q; W; Y	S	F; H; R	23	34	8	3	0	0	5939.93944	68.42105263	-0.010526316	-0.6	0.312937804	3.778585749	8.800489183	alpha	42.140903	0.01754386	"(0.19298245614035087, 0.3157894736842105, 0.17543859649122806)"	"(0, 250)"	33427970	NA
AMRSAPFCS79	Nisin	MSTKDFNLDLVSVSKKDSGASPRITSISLCTPGCKTGALMGCNMKTATCNCSIHVSK	57	Lactococcus lactis subsp.	Bacteria	MRSA 1 Clinical isolate (MIC = 4 μM)	Experimentally validated	C246H531N71O138S8	"{'A': 3, 'C': 5, 'D': 3, 'E': 0, 'F': 1, 'G': 4, 'H': 1, 'I': 3, 'K': 6, 'L': 4, 'M': 3, 'N': 3, 'P': 2, 'Q': 0, 'R': 1, 'S': 9, 'T': 6, 'V': 3, 'W': 0, 'Y': 0}"	"{'A': 0.05263157894736842, 'C': 0.08771929824561403, 'D': 0.05263157894736842, 'E': 0.0, 'F': 0.017543859649122806, 'G': 0.07017543859649122, 'H': 0.017543859649122806, 'I': 0.05263157894736842, 'K': 0.10526315789473684, 'L': 0.07017543859649122, 'M': 0.05263157894736842, 'N': 0.05263157894736842, 'P': 0.03508771929824561, 'Q': 0.0, 'R': 0.017543859649122806, 'S': 0.15789473684210525, 'T': 0.10526315789473684, 'V': 0.05263157894736842, 'W': 0.0, 'Y': 0.0}"	E; Q; W; Y	S	F; H; R	23	34	8	3	0	0	5939.93944	68.42105263	-0.010526316	-0.6	0.312937804	3.778585749	8.800489183	alpha	42.140903	0.01754386	"(0.19298245614035087, 0.3157894736842105, 0.17543859649122806)"	"(0, 250)"	33427970	NA
AMRSAPFCS80	Nisin	MSTKDFNLDLVSVSKKDSGASPRITSISLCTPGCKTGALMGCNMKTATCNCSIHVSK	57	Lactococcus lactis subsp.	Bacteria	MRSA 2 Clinical isolate (MIC = 8 μM)	Experimentally validated	C246H531N71O138S8	"{'A': 3, 'C': 5, 'D': 3, 'E': 0, 'F': 1, 'G': 4, 'H': 1, 'I': 3, 'K': 6, 'L': 4, 'M': 3, 'N': 3, 'P': 2, 'Q': 0, 'R': 1, 'S': 9, 'T': 6, 'V': 3, 'W': 0, 'Y': 0}"	"{'A': 0.05263157894736842, 'C': 0.08771929824561403, 'D': 0.05263157894736842, 'E': 0.0, 'F': 0.017543859649122806, 'G': 0.07017543859649122, 'H': 0.017543859649122806, 'I': 0.05263157894736842, 'K': 0.10526315789473684, 'L': 0.07017543859649122, 'M': 0.05263157894736842, 'N': 0.05263157894736842, 'P': 0.03508771929824561, 'Q': 0.0, 'R': 0.017543859649122806, 'S': 0.15789473684210525, 'T': 0.10526315789473684, 'V': 0.05263157894736842, 'W': 0.0, 'Y': 0.0}"	E; Q; W; Y	S	F; H; R	23	34	8	3	0	0	5939.93944	68.42105263	-0.010526316	-0.6	0.312937804	3.778585749	8.800489183	alpha	42.140903	0.01754386	"(0.19298245614035087, 0.3157894736842105, 0.17543859649122806)"	"(0, 250)"	33427970	NA
AMRSAPFCS81	Nisin	MSTKDFNLDLVSVSKKDSGASPRITSISLCTPGCKTGALMGCNMKTATCNCSIHVSK	57	Lactococcus lactis subsp.	Bacteria	MRSA 3 Clinical isolate (MIC = 8 μM)	Experimentally validated	C246H531N71O138S8	"{'A': 3, 'C': 5, 'D': 3, 'E': 0, 'F': 1, 'G': 4, 'H': 1, 'I': 3, 'K': 6, 'L': 4, 'M': 3, 'N': 3, 'P': 2, 'Q': 0, 'R': 1, 'S': 9, 'T': 6, 'V': 3, 'W': 0, 'Y': 0}"	"{'A': 0.05263157894736842, 'C': 0.08771929824561403, 'D': 0.05263157894736842, 'E': 0.0, 'F': 0.017543859649122806, 'G': 0.07017543859649122, 'H': 0.017543859649122806, 'I': 0.05263157894736842, 'K': 0.10526315789473684, 'L': 0.07017543859649122, 'M': 0.05263157894736842, 'N': 0.05263157894736842, 'P': 0.03508771929824561, 'Q': 0.0, 'R': 0.017543859649122806, 'S': 0.15789473684210525, 'T': 0.10526315789473684, 'V': 0.05263157894736842, 'W': 0.0, 'Y': 0.0}"	E; Q; W; Y	S	F; H; R	23	34	8	3	0	0	5939.93944	68.42105263	-0.010526316	-0.6	0.312937804	3.778585749	8.800489183	alpha	42.140903	0.01754386	"(0.19298245614035087, 0.3157894736842105, 0.17543859649122806)"	"(0, 250)"	33427970	NA
AMRSAPFCS82	Nisin	MSTKDFNLDLVSVSKKDSGASPRITSISLCTPGCKTGALMGCNMKTATCNCSIHVSK	57	Lactococcus lactis subsp.	Bacteria	MRSA 4 Clinical isolate (MIC = 8 μM)	Experimentally validated	C246H531N71O138S8	"{'A': 3, 'C': 5, 'D': 3, 'E': 0, 'F': 1, 'G': 4, 'H': 1, 'I': 3, 'K': 6, 'L': 4, 'M': 3, 'N': 3, 'P': 2, 'Q': 0, 'R': 1, 'S': 9, 'T': 6, 'V': 3, 'W': 0, 'Y': 0}"	"{'A': 0.05263157894736842, 'C': 0.08771929824561403, 'D': 0.05263157894736842, 'E': 0.0, 'F': 0.017543859649122806, 'G': 0.07017543859649122, 'H': 0.017543859649122806, 'I': 0.05263157894736842, 'K': 0.10526315789473684, 'L': 0.07017543859649122, 'M': 0.05263157894736842, 'N': 0.05263157894736842, 'P': 0.03508771929824561, 'Q': 0.0, 'R': 0.017543859649122806, 'S': 0.15789473684210525, 'T': 0.10526315789473684, 'V': 0.05263157894736842, 'W': 0.0, 'Y': 0.0}"	E; Q; W; Y	S	F; H; R	23	34	8	3	0	0	5939.93944	68.42105263	-0.010526316	-0.6	0.312937804	3.778585749	8.800489183	alpha	42.140903	0.01754386	"(0.19298245614035087, 0.3157894736842105, 0.17543859649122806)"	"(0, 250)"	33427970	NA
